tRF,control_mean,ad_mean,log_fold_change,p_value,adj_p_value,significant,tRF sequence,tRF sequence,tRF type(s),tRF type(s),amino_acid,amino_acid,codon,codon,origin,origin,core_cholinergic_Production,cholinergic_targets_Production,cholinergic_Production
tRF-22-V47PU9XWP,20.41987147690909,8.0939529022,-1.3350574266275377,0.0004252713231041,0.1501207770557616,False,TAGTGGTTAGTACTCTGCGTTG,TAGTGGTTAGTACTCTGCGTTG,i-tRF,i-tRF,His,His,GTG,GTG,Nuclear,Nuclear,False,"BMP2,SMAD2",False
tRF-19-S3M830JZ,16.62300036663636,9.119418143899995,-0.8661671220884384,0.0008845643520566,0.1541239977772485,False,GTAGTCGTGGCCGAGTGGT,GTAGTCGTGGCCGAGTGGT,5'-tRF,5'-tRF,Ser,Ser,AGA,AGA,Nuclear,Nuclear,False,,False
tRF-23-5BF900BYDO,168.93441358181818,295.12584945,0.8048670398384639,0.002370178840767,0.1541239977772485,False,GAGAAAGCTCACAAGAACTGCTA,GAGAAAGCTCACAAGAACTGCTA,5'-tRF,5'-tRF,Ser,Ser,GCT,GCT,MT,MT,False,"SMAD2,KLF7,BMPR1B,RORA,BMPR1A,BMPR2,CNTF",True
tRF-20-9N15WV7W,22.10313922363636,14.276136779199998,-0.6306456556026214,0.002370178840767,0.1541239977772485,False,TGGTTAGTACTCTGCGTTGT,TGGTTAGTACTCTGCGTTGT,i-tRF,i-tRF,His,His,GTG,GTG,Nuclear,Nuclear,False,"NR1D2,NTRK2,ARNTL2",False
tRF-21-FSXMSL73E,14.80510801327273,22.128100332,0.5797845870137763,0.002370178840767,0.1541239977772485,False,AGCCGTGATCGTATAGTGGTT,AGCCGTGATCGTATAGTGGTT,5'-tRF,5'-tRF,His,His,GTG,GTG,Nuclear,Nuclear,False,,False
tRF-21-18Y3E7QN0,14.572310360272724,7.1681676992,-1.0235533322242976,0.0043661189172025,0.1541239977772485,False,AGTGGTTAGTACTCTGCGTTG,AGTGGTTAGTACTCTGCGTTG,i-tRF,i-tRF,His,His,GTG,GTG,Nuclear,Nuclear,False,"BMP2,SMAD2",False
tRF-19-5BF9000W,557.8283927363638,1104.94677652,0.9860836063881866,0.0043661189172025,0.1541239977772485,False,GAGAAAGCTCACAAGAACT,GAGAAAGCTCACAAGAACT,5'-half,5'-half,Ser,Ser,GCT,GCT,MT,MT,False,"SMAD2,KLF7,BMPR1B,RORA,BMPR1A,BMPR2,CNTF",True
tRF-20-JMRPFQJD,18.005831621636364,9.1165187348,-0.981909311552311,0.0043661189172025,0.1541239977772485,False,CAGTCGGTAGAGCATCAGAC,CAGTCGGTAGAGCATCAGAC,i-tRF,i-tRF,Lys,Lys,TTT,TTT,Nuclear,Nuclear,False,,False
tRF-23-JMRPFQRD03,47.59441320272727,31.821725389000004,-0.5807801735277227,0.0043661189172025,0.1541239977772485,False,CAGTCGGTAGAGCATGGGACTCT,CAGTCGGTAGAGCATGGGACTCT,i-tRF,i-tRF,Lys,Lys,CTT,CTT,Nuclear,Nuclear,False,,False
tRF-23-877343RXDX,10.627899676181816,22.0456504773,1.0526375311860336,0.0043661189172025,0.1541239977772485,False,TCCCTGTGGTCTAGTGGTTAGGA,TCCCTGTGGTCTAGTGGTTAGGA,5'-tRF,5'-tRF,Glu,Glu,TTC,TTC,Nuclear,Nuclear,False,SMAD2,False
tRF-18-MBQ4NKDJ,59.97052365,76.39448764,0.3492149720017226,0.0063620589936379,0.187150568729516,False,CGGAAGCGTGCTGGGCCC,CGGAAGCGTGCTGGGCCC,i-tRF,i-tRF,Met,Met,CAT,CAT,Nuclear,Nuclear,False,,False
tRF-21-B2JK7PP9E,10.412035934363637,21.9492958194,1.0759224598042123,0.0063620589936379,0.187150568729516,False,AAAGACAGGGGTTAGGCCTCT,AAAGACAGGGGTTAGGCCTCT,i-tRF,i-tRF,Tyr,Tyr,GTA,GTA,MT,MT,True,"SMAD2,COLQ,RORA,NTRK2,LIFR",True
tRF-19-9N15WV2P,42.28173446545455,21.644098494,-0.9660608480290662,0.0075414781297134,0.1901529842706313,False,TGGTTAGTACTCTGCGTTG,TGGTTAGTACTCTGCGTTG,i-tRF,i-tRF,His,His,GTG,GTG,Nuclear,Nuclear,False,"NR1D2,NTRK2,ARNTL2,SMAD2",True
tRF-18-RXSINH0P,42.63520888181818,22.155241092,-0.94439729857452,0.0075414781297134,0.1901529842706313,False,GGTTAGTACTCTGCGTTG,GGTTAGTACTCTGCGTTG,i-tRF,i-tRF,His,His,GTG,GTG,Nuclear,Nuclear,False,NTRK2,False
tRF-19-B1RHODE2,13.292407872727273,21.243169267,0.6763965503784299,0.0111534492339445,0.2624778386388294,False,AAACCGGGCGGAAACACCA,AAACCGGGCGGAAACACCA,3'-tRF,3'-tRF,Val,Val,AAC,AAC,Nuclear,Nuclear,False,,False
tRF-18-W9RKM80E,32.89707709590909,50.56747571999999,0.6202503560533774,0.017266015718028,0.2902335023078056,False,TCTTCGGGGGCGTGGGTT,TCTTCGGGGGCGTGGGTT,i-tRF,i-tRF,Leu,Leu,AAG,AAG,Nuclear,Nuclear,False,,False
tRF-20-73VL4YMY,92.89207713727272,45.40903268,-1.032576248614796,0.017266015718028,0.2902335023078056,False,GTGGTTAGTACTCTGCGTTG,GTGGTTAGTACTCTGCGTTG,i-tRF,i-tRF,His,His,GTG,GTG,Nuclear,Nuclear,False,"NR1D2,NTRK2,SMAD2",False
tRF-18-EO7N980E,11.24705009309091,14.8264321135,0.3986248071066325,0.017266015718028,0.2902335023078056,False,ACTAAGTGTTTGTGGGTT,ACTAAGTGTTTGTGGGTT,i-tRF,i-tRF,Asn,Asn,GTT,GTT,MT,MT,False,"SMAD2,NR1D2",False
tRF-22-5BF900BY3,858.9129308454544,1694.27623532,0.9800853153322446,0.017266015718028,0.2902335023078056,False,GAGAAAGCTCACAAGAACTGCT,GAGAAAGCTCACAAGAACTGCT,5'-tRF,5'-tRF,Ser,Ser,GCT,GCT,MT,MT,False,"SMAD2,KLF7,BMPR1B,RORA,BMPR1A,BMPR2,CNTF",True
tRF-20-1SS2PMFI,15.298373131363634,10.2809132058,-0.5734098230186992,0.017266015718028,0.2902335023078056,False,AGTCGGTAGAGCATCAGACT,AGTCGGTAGAGCATCAGACT,i-tRF,i-tRF,Lys,Lys,TTT,TTT,Nuclear,Nuclear,False,,False
tRF-21-5BF900BYD,328.2889696818182,608.48349042,0.8902518427678139,0.017266015718028,0.2902335023078056,False,GAGAAAGCTCACAAGAACTGC,GAGAAAGCTCACAAGAACTGC,5'-half,5'-half,Ser,Ser,GCT,GCT,MT,MT,False,"SMAD2,KLF7,BMPR1B,RORA,BMPR1A,BMPR2,CNTF",True
tRF-22-WB8689SV2,8.022663668363636,12.4839612954,0.6379225675406319,0.0242121139953957,0.294719870357748,False,TCGAATCCCATCCTCGTCGCCA,TCGAATCCCATCCTCGTCGCCA,3'-tRF,3'-tRF,Ser,Ser,GCT,GCT,Nuclear,Nuclear,False,,False
tRF-21-W3FJHPEZE,29.01417017727272,15.885633863099995,-0.8690350104135942,0.0242121139953957,0.294719870357748,False,TCGGTAGAGCATCAGACTTTT,TCGGTAGAGCATCAGACTTTT,i-tRF,i-tRF,Lys,Lys,TTT,TTT,Nuclear,Nuclear,False,,False
tRF-19-RQ59W3K4,24.214638663181816,16.534220960099997,-0.5504244029195462,0.0242121139953957,0.294719870357748,False,GGTATGATTCTCGGTTTGG,GGTATGATTCTCGGTTTGG,i-tRF,i-tRF,Pro,Pro,TGG,TGG,Nuclear,Nuclear,False,BMP2K,False
tRF-18-H7PU4HD2,36.299932156363646,57.805822451,0.6712479626290957,0.0242121139953957,0.294719870357748,False,ATCCTGCCGACTACGCCA,ATCCTGCCGACTACGCCA,3'-tRF,3'-tRF,Ser,Ser,AGA,AGA,Nuclear,Nuclear,False,"NTRK2,NTRK1,BMP1",False
tRF-23-V47P596V03,20.74660264090909,11.0360364251,-0.9106529838186224,0.0242121139953957,0.294719870357748,False,TAGTGGTTAGGATTCGGCGCTCT,TAGTGGTTAGGATTCGGCGCTCT,i-tRF,i-tRF,Glu,Glu,CTC,CTC,Nuclear,Nuclear,False,"BMP2,SMAD2",False
tRF-18-ME6KM80E,31.35990540090909,90.381444317,1.527105404322369,0.0242121139953957,0.294719870357748,False,CGGATGGAGGCGTGGGTT,CGGATGGAGGCGTGGGTT,i-tRF,i-tRF,Leu,Leu,CAA,CAA,Nuclear,Nuclear,False,SMAD2,False
tRF-20-F900BY4D,8.110925278545453,17.7723891074,1.131699224285629,0.0242121139953957,0.294719870357748,False,AGCTCACAAGAACTGCTAAC,AGCTCACAAGAACTGCTAAC,i-tRF,i-tRF,Ser,Ser,GCT,GCT,MT,MT,False,SMAD2,False
tRF-21-WB8HWKS5D,11.079254345636365,17.195441855000002,0.6341653993078422,0.0242121139953957,0.294719870357748,False,TCGAATCACGTCGGGGTCACC,TCGAATCACGTCGGGGTCACC,3'-tRF,3'-tRF,Trp,Trp,CCA,CCA,Nuclear,Nuclear,False,,False
tRF-18-0RSSX7D2,7.187091288727273,18.236594058100003,1.3433563948965357,0.0303246804794792,0.3453100712663281,False,ACCCCGTCCGTGCCTCCA,ACCCCGTCCGTGCCTCCA,3'-tRF,3'-tRF,Thr,Thr,CGT,CGT,Nuclear,Nuclear,False,,False
tRF-20-Q1Q89P9L,24.094533157272725,47.41787206899999,0.9767250732251176,0.0303246804794792,0.3453100712663281,False,GCGCCGCTGGTGTAGTGGTA,GCGCCGCTGGTGTAGTGGTA,5'-tRF,5'-tRF,Gly,Gly,CCC,CCC,Nuclear,Nuclear,False,,False
tRF-23-WP9N1EWJDW,35.99104343818182,27.079159448,-0.4104549713558754,0.0339366515837104,0.3523422943838168,False,TCTAGTGGTTAGGATTCGGCGCT,TCTAGTGGTTAGGATTCGGCGCT,i-tRF,i-tRF,Glu,Glu,CTC,CTC,Nuclear,Nuclear,False,"ARNTL2,RORC,SMAD2",False
tRF-18-40KK5Y04,43.51135866999999,32.199432011300004,-0.434356826817412,0.0339366515837104,0.3523422943838168,False,CTAAGCCAGGGATTGTGG,CTAAGCCAGGGATTGTGG,i-tRF,i-tRF,Arg,Arg,CCT,CCT,Nuclear,Nuclear,False,"ARNTL2,NKX2-1,RORB",False
tRF-21-V47P596VE,115.3957121481818,53.78063853799999,-1.1014308280365563,0.0339366515837104,0.3523422943838168,False,TAGTGGTTAGGATTCGGCGCT,TAGTGGTTAGGATTCGGCGCT,i-tRF,i-tRF,Glu,Glu,CTC,CTC,Nuclear,Nuclear,False,"BMP2,SMAD2",False
tRF-21-73VL4YMYE,129.05602152181817,71.235758661,-0.8573239297402884,0.0432245772803048,0.4015335731565159,False,GTGGTTAGTACTCTGCGTTGT,GTGGTTAGTACTCTGCGTTGT,i-tRF,i-tRF,His,His,GTG,GTG,Nuclear,Nuclear,False,"NR1D2,NTRK2",False
tRF-20-5BF900BY,207.5982834,445.49547051,1.1016162491861046,0.0432245772803048,0.4015335731565159,False,GAGAAAGCTCACAAGAACTG,GAGAAAGCTCACAAGAACTG,5'-half,5'-half,Ser,Ser,GCT,GCT,MT,MT,False,"SMAD2,KLF7,BMPR1B,RORA,BMPR1A,BMPR2,CNTF",True
tRF-18-HSRVK7D2,34.12046445009091,71.07475900800002,1.0587000173358554,0.0432245772803048,0.4015335731565159,False,ATCCGGGTGCCCCCTCCA,ATCCGGGTGCCCCCTCCA,3'-tRF,3'-tRF,Cys,Cys,GCA,GCA,Nuclear,Nuclear,False,,False
tRF-22-73VL4YMYP,25.272422706363635,15.942171979,-0.6647157758321995,0.0432245772803048,0.4015335731565159,False,GTGGTTAGTACTCTGCGTTGTG,GTGGTTAGTACTCTGCGTTGTG,i-tRF,i-tRF,His,His,GTG,GTG,Nuclear,Nuclear,False,"NR1D2,NTRK2",False
tRF-20-18YKISQI,1746.7676999090909,491.484020325,-1.8294713431645933,0.0578198890892389,0.4165392009898233,False,AGTGGTTAGGATTCGGCGCT,AGTGGTTAGGATTCGGCGCT,i-tRF,i-tRF,Glu,Glu,CTC,CTC,Nuclear,Nuclear,False,"BMP2,SMAD2",False
tRF-21-18YKISQID,31.446053433000007,11.7134483236,-1.4247131126818422,0.0578198890892389,0.4165392009898233,False,AGTGGTTAGGATTCGGCGCTC,AGTGGTTAGGATTCGGCGCTC,i-tRF,i-tRF,Glu,Glu,CTC,CTC,Nuclear,Nuclear,False,"BMP2,SMAD2",False
tRF-19-BX1WZ42E,42.99285812154545,33.6266978197,-0.3544899108981125,0.0578198890892389,0.4165392009898233,False,AACTAAGTGTTTGTGGGTT,AACTAAGTGTTTGTGGGTT,i-tRF,i-tRF,Asn,Asn,GTT,GTT,MT,MT,True,"SMAD2,IL6ST,BCHE",True
tRF-20-S3M8309N,53.31319147818181,30.066472327000003,-0.8263369407824817,0.0578198890892389,0.4165392009898233,False,GTAGTCGTGGCCGAGTGGTT,GTAGTCGTGGCCGAGTGGTT,5'-tRF,5'-tRF,Ser,Ser,AGA,AGA,Nuclear,Nuclear,False,,False
tRF-19-RX6NMHH3,26.640451085454547,16.4508655272,-0.6954550205543839,0.0578198890892389,0.4165392009898233,False,GGTTAGGATTCGGCGCTCT,GGTTAGGATTCGGCGCTCT,i-tRF,i-tRF,Glu,Glu,CTC,CTC,Nuclear,Nuclear,False,,False
tRF-22-RK9P4P9LL,16.05817324009091,9.8260108761,-0.708630041732075,0.0578198890892389,0.4165392009898233,False,GGGGGTGTAGCTCAGTGGTAGA,GGGGGTGTAGCTCAGTGGTAGA,5'-tRF,5'-tRF,Ala,Ala,AGC,AGC,Nuclear,Nuclear,False,,False
tRF-23-897PVP94Z,33.67065630818182,43.817749954,0.380023561249704,0.0578198890892389,0.4165392009898233,False,TCCTCGTTAGTATAGTGGTGAGT,TCCTCGTTAGTATAGTGGTGAGT,5'-tRF,5'-tRF,Asp,Asp,GTC,GTC,Nuclear,Nuclear,False,,False
tRF-18-73VL4YDN,66.73389785636364,41.8242093289,-0.6740815056938168,0.0578198890892389,0.4165392009898233,False,GTGGTTAGTACTCTGCGT,GTGGTTAGTACTCTGCGT,i-tRF,i-tRF,His,His,GTG,GTG,Nuclear,Nuclear,False,"NR1D2,NTRK2,SMAD2",False
tRF-21-JMRPFQJDE,14.954407939454542,11.1139491125,-0.4281992540520893,0.0578198890892389,0.4165392009898233,False,CAGTCGGTAGAGCATCAGACT,CAGTCGGTAGAGCATCAGACT,i-tRF,i-tRF,Lys,Lys,TTT,TTT,Nuclear,Nuclear,False,,False
tRF-23-3JVIJMRP9,19.114870774272728,33.7682113885,0.8209703187933401,0.0578198890892389,0.4165392009898233,False,CCGGCTAGCTCAGTCGGTAGAGC,CCGGCTAGCTCAGTCGGTAGAGC,i-tRF,i-tRF,Lys,Lys,CTT,CTT,Nuclear,Nuclear,False,,False
tRF-22-18YKISQI3,118.12740841236364,61.7051179681,-0.936881683694418,0.0578198890892389,0.4165392009898233,False,AGTGGTTAGGATTCGGCGCTCT,AGTGGTTAGGATTCGGCGCTCT,i-tRF,i-tRF,Glu,Glu,CTC,CTC,Nuclear,Nuclear,False,"BMP2,SMAD2",False
tRF-18-YRRHQFD2,38.04294572727272,58.75690778799999,0.6271295121288567,0.0746606334841629,0.4466983664391442,False,TTCCCGGGCGGCGCACCA,TTCCCGGGCGGCGCACCA,3'-tRF,3'-tRF,Gly,Gly,CCC,CCC,Nuclear,Nuclear,False,,False
tRF-23-VP9N15WV0E,25.93292611090909,17.310173745999997,-0.583164794733813,0.0746606334841629,0.4466983664391442,False,TATAGTGGTTAGTACTCTGCGTT,TATAGTGGTTAGTACTCTGCGTT,i-tRF,i-tRF,His,His,GTG,GTG,Nuclear,Nuclear,False,,False
tRF-23-79MP9P9NDE,107.37343359181818,197.873485879,0.8819412260690012,0.0746606334841629,0.4466983664391442,False,GTTTCCGTAGTGTAGTGGTTATT,GTTTCCGTAGTGTAGTGGTTATT,5'-tRF,5'-tRF,Val,Val,CAC,CAC,Nuclear,Nuclear,False,,False
tRF-23-1SS2PMFI0Q,22.59187099818181,14.9665152763,-0.5940654047469329,0.0746606334841629,0.4466983664391442,False,AGTCGGTAGAGCATCAGACTTTT,AGTCGGTAGAGCATCAGACTTTT,i-tRF,i-tRF,Lys,Lys,TTT,TTT,Nuclear,Nuclear,False,,False
tRF-20-RK9P4P9L,168.1485733045455,120.164909943,-0.4847208702907961,0.0746606334841629,0.4466983664391442,False,GGGGGTGTAGCTCAGTGGTA,GGGGGTGTAGCTCAGTGGTA,5'-tRF,5'-tRF,Ala,Ala,AGC,AGC,Nuclear,Nuclear,False,,False
tRF-19-RPM8301Z,47.089904416363645,25.5566754516,-0.8817176192020497,0.0746606334841629,0.4466983664391442,False,GGTAGCGTGGCCGAGCGGT,GGTAGCGTGGCCGAGCGGT,5'-tRF,5'-tRF,Leu,Leu,AAG,AAG,Nuclear,Nuclear,False,,False
tRF-22-79MP9P9MI,11.75670018709091,15.8644106266,0.4323107367446717,0.0746606334841629,0.4466983664391442,False,GTTTCCGTAGTGTAGTGGTCAT,GTTTCCGTAGTGTAGTGGTCAT,5'-tRF,5'-tRF,Val,Val,AAC,AAC,Nuclear,Nuclear,False,,False
tRF-21-RKIP4OI3B,9.942362904909093,13.9252140217,0.4860388320623845,0.0746606334841629,0.4466983664391442,False,GGGGGATTAGCTCAAATGGTA,GGGGGATTAGCTCAAATGGTA,5'-tRF,5'-tRF,Ala,Ala,AGC,AGC,Nuclear,Nuclear,False,,False
tRF-18-8R6546D2,258.8776551827273,373.59425962000006,0.5292018422602176,0.0746606334841629,0.4466983664391442,False,TCCCCGGCACCTCCACCA,TCCCCGGCACCTCCACCA,3'-tRF,3'-tRF,Ala,Ala,AGC,AGC,Nuclear,Nuclear,False,,False
tRF-19-2S3HPS2E,10.75303937890909,16.12008077,0.5841144729907666,0.0746606334841629,0.4466983664391442,False,CACCGCCGCGGCCCGGGTT,CACCGCCGCGGCCCGGGTT,i-tRF,i-tRF,Glu,Glu,CTC,CTC,Nuclear,Nuclear,False,,False
tRF-18-B1RHODV,10.359772365727274,16.4292275476,0.6652723475671358,0.0915013778790868,0.4893937332017827,False,AAACCGGGCGGAAACACC,AAACCGGGCGGAAACACC,3'-tRF,3'-tRF,Val,Val,AAC,AAC,Nuclear,Nuclear,False,,False
tRF-19-1R7HFEE2,6.446942561454545,11.0663630395,0.7794941231783605,0.0915013778790868,0.4893937332017827,False,AGTCCGTGCGAGAATACCA,AGTCCGTGCGAGAATACCA,3'-tRF,3'-tRF,Glu,Glu,TTC,TTC,MT,MT,False,,False
tRF-21-VP9N15WV0,16.620284508181822,9.8354108959,-0.7568878479294989,0.0915013778790868,0.4893937332017827,False,TATAGTGGTTAGTACTCTGCG,TATAGTGGTTAGTACTCTGCG,i-tRF,i-tRF,His,His,GTG,GTG,Nuclear,Nuclear,False,,False
tRF-19-S998LOJX,52.439597845,33.9134486848,-0.6287991210947377,0.0915013778790868,0.4893937332017827,False,GTCTCTGTGGCGCAATGGA,GTCTCTGTGGCGCAATGGA,5'-tRF,5'-tRF,Arg,Arg,TCT,TCT,Nuclear,Nuclear,False,"BMPR2,SMAD2",False
tRF-18-YKIR9N05,17.71420739272727,23.169036882,0.3872911590636532,0.0915013778790868,0.4893937332017827,False,TTAGGATTCCTGGTTTTC,TTAGGATTCCTGGTTTTC,i-tRF,i-tRF,Glu,Glu,TTC,TTC,Nuclear,Nuclear,False,"RORA,BMPR2",False
tRF-22-NB8PLML35,16.08824761681818,27.429705544,0.7697319433581784,0.0915013778790868,0.4893937332017827,False,CTGAATCCAGCGATCCGAGTTC,CTGAATCCAGCGATCCGAGTTC,i-tRF,i-tRF,Gln,Gln,CTG,CTG,Nuclear,Nuclear,False,SMAD2,False
tRF-20-88I26WRN,21.028926878454545,44.6219444358,1.0853781513427814,0.0915013778790868,0.4893937332017827,False,TCCGGATGGAGGCGTGGGTT,TCCGGATGGAGGCGTGGGTT,i-tRF,i-tRF,Leu,Leu,CAA,CAA,Nuclear,Nuclear,False,,False
tRF-22-4PW3FJHP1,41.15004387090909,24.661256757400004,-0.7386476462254548,0.1060966896880209,0.5274948092939633,False,CTCAGTCGGTAGAGCATCAGAC,CTCAGTCGGTAGAGCATCAGAC,i-tRF,i-tRF,Lys,Lys,TTT,TTT,Nuclear,Nuclear,False,,False
tRF-21-WB0Q37Q5D,67.30129279545453,82.29682732299999,0.2902025955343879,0.1060966896880209,0.5274948092939633,False,TCGAAACCATCCTCTGCTACC,TCGAAACCATCCTCTGCTACC,3'-tRF,3'-tRF,Met,Met,CAT,CAT,Nuclear,Nuclear,False,,False
tRF-23-87R718YKDE,127.45502621454544,162.793524126,0.3530550433506674,0.1060966896880209,0.5274948092939633,False,TCCCTGGTCTAGTGGTTAGGATT,TCCCTGGTCTAGTGGTTAGGATT,5'-tRF,5'-tRF,Glu,Glu,TTC,TTC,Nuclear,Nuclear,False,,False
tRF-20-I7XUK87S,9.864913069909091,14.7303034667,0.5784089093773574,0.1060966896880209,0.5274948092939633,False,ATTCTTGCGACCCGGGTTCG,ATTCTTGCGACCCGGGTTCG,i-tRF,i-tRF,Gly,Gly,CCC,CCC,Nuclear,Nuclear,True,"SMAD2,RORB,BCHE,CLOCK,NTRK2,IL6R",True
tRF-22-43RX6NMH3,41.81649644181818,33.058239545000006,-0.3390622934250933,0.1060966896880209,0.5274948092939633,False,CTAGTGGTTAGGATTCGGCGCT,CTAGTGGTTAGGATTCGGCGCT,i-tRF,i-tRF,Glu,Glu,CTC,CTC,Nuclear,Nuclear,False,ARNTL2,False
tRF-22-Z3M8ZLSSP,35.93926875636363,29.087400881,-0.3051666656658378,0.1153817802424613,0.5289580315011541,False,TTGGTCGTGGTTGTAGTCCGTG,TTGGTCGTGGTTGTAGTCCGTG,i-tRF,i-tRF,Glu,Glu,TTC,TTC,MT,MT,False,ARNTL,False
tRF-21-9N15WV7W0,24.680149019090905,17.028395643099998,-0.535408589874816,0.1153817802424613,0.5289580315011541,False,TGGTTAGTACTCTGCGTTGTG,TGGTTAGTACTCTGCGTTGTG,i-tRF,i-tRF,His,His,GTG,GTG,Nuclear,Nuclear,False,"NR1D2,NTRK2,ARNTL2",False
tRF-18-WR645J00,6.912572330272726,24.2067504706,1.808114847747636,0.1153817802424613,0.5289580315011541,False,TCTCCGGATGGAGGCGTG,TCTCCGGATGGAGGCGTG,i-tRF,i-tRF,Leu,Leu,CAA,CAA,Nuclear,Nuclear,False,,False
tRF-22-877343RX4,26.359224885454545,46.544868479,0.8203141736528252,0.1153817802424613,0.5289580315011541,False,TCCCTGTGGTCTAGTGGTTAGG,TCCCTGTGGTCTAGTGGTTAGG,5'-tRF,5'-tRF,Glu,Glu,TTC,TTC,Nuclear,Nuclear,False,SMAD2,False
tRF-19-73V2Y81W,80.44092637181818,40.907397457,-0.9755679406879868,0.1153817802424613,0.5289580315011541,False,GTGGTTAGGATTCGGCGCT,GTGGTTAGGATTCGGCGCT,i-tRF,i-tRF,Glu,Glu,CTC,CTC,Nuclear,Nuclear,False,"NR1D2,SMAD2",False
tRF-18-83ML5F04,8.366535054727272,11.5036178087,0.4593854812536615,0.1153817802424613,0.5289580315011541,False,TCAGTCGGTAGAGCATGG,TCAGTCGGTAGAGCATGG,i-tRF,i-tRF,Lys,Lys,CTT,CTT,Nuclear,Nuclear,False,,False
tRF-18-0P583004,8.759426088,11.781718522199998,0.4276417374259278,0.135990428560088,0.5783689311049527,False,ACCAGGATGGCCGAGTGG,ACCAGGATGGCCGAGTGG,5'-tRF,5'-tRF,Leu,Leu,TAA,TAA,Nuclear,Nuclear,False,"BMP8B,SMAD2,STAT3",False
tRF-23-FSXMSL730H,25.320308346,17.7000794398,-0.5165391384563813,0.135990428560088,0.5783689311049527,False,AGCCGTGATCGTATAGTGGTTAG,AGCCGTGATCGTATAGTGGTTAG,5'-tRF,5'-tRF,His,His,GTG,GTG,Nuclear,Nuclear,False,,False
tRF-23-V29K9UV3D9,29.83124327845454,19.319326136,-0.6267793328035927,0.135990428560088,0.5783689311049527,False,TAGGATGGGGTGTGATAGGTGGC,TAGGATGGGGTGTGATAGGTGGC,5'-tRF,5'-tRF,Gln,Gln,TTG,TTG,MT,MT,False,"RORA,BMPR1A,BDNF,SMAD2",True
tRF-21-YO0Y3KQ9D,15.242191625363636,21.431474292,0.4916607396326107,0.135990428560088,0.5783689311049527,False,TTCAAACCTGCCGGGGCTTCC,TTCAAACCTGCCGGGGCTTCC,3'-tRF,3'-tRF,Cys,Cys,GCA,GCA,MT,MT,False,"SMAD2,BMPR2,RORB",False
tRF-21-WB8689SVD,8.137752255454545,13.4876924887,0.7289412841909337,0.135990428560088,0.5783689311049527,False,TCGAATCCCATCCTCGTCGCC,TCGAATCCCATCCTCGTCGCC,3'-tRF,3'-tRF,Ser,Ser,GCT,GCT,Nuclear,Nuclear,False,,False
tRF-20-VMMV5BU6,16.646882833181817,26.64555517,0.6786428378500631,0.135990428560088,0.5783689311049527,False,TAGTCCGTGCGAGAATACCA,TAGTCCGTGCGAGAATACCA,3'-tRF,3'-tRF,Glu,Glu,TTC,TTC,MT,MT,False,,False
tRF-20-RXSINHZ4,10.733348587454543,7.571260335599997,-0.5034948571343842,0.164341850100364,0.6375019020376759,False,GGTTAGTACTCTGCGTTGTG,GGTTAGTACTCTGCGTTGTG,i-tRF,i-tRF,His,His,GTG,GTG,Nuclear,Nuclear,False,NTRK2,False
tRF-22-PS5P4PW3H,23.629184015454545,34.434177904500004,0.5432714242452938,0.164341850100364,0.6375019020376759,False,GCCCGGATAGCTCAGTCGGTAG,GCCCGGATAGCTCAGTCGGTAG,5'-tRF,5'-tRF,Lys,Lys,TTT,TTT,Nuclear,Nuclear,False,,False
tRF-22-S3M8309NF,24.390249013636367,18.9559033762,-0.3636572752243978,0.164341850100364,0.6375019020376759,False,GTAGTCGTGGCCGAGTGGTTAA,GTAGTCGTGGCCGAGTGGTTAA,5'-tRF,5'-tRF,Ser,Ser,AGA,AGA,Nuclear,Nuclear,False,,False
tRF-23-7SERM492V,9.881054428,11.8711066003,0.2647175181871368,0.164341850100364,0.6375019020376759,False,GTTCGACTCCCGGTGTGGGAACC,GTTCGACTCCCGGTGTGGGAACC,3'-tRF,3'-tRF,Glu,Glu,TTC,TTC,Nuclear,Nuclear,False,,False
tRF-20-Z3M8ZLSS,40.34980246,34.834049781199994,-0.2120634011894866,0.164341850100364,0.6375019020376759,False,TTGGTCGTGGTTGTAGTCCG,TTGGTCGTGGTTGTAGTCCG,i-tRF,i-tRF,Glu,Glu,TTC,TTC,MT,MT,False,ARNTL,False
tRF-22-8F81KLB52,21.11556539981818,35.311017062000005,0.7418114976874595,0.164341850100364,0.6375019020376759,False,TCACATCACCCCATAAACACCA,TCACATCACCCCATAAACACCA,3'-tRF,3'-tRF,Phe,Phe,GAA,GAA,MT,MT,False,"RORA,BMPR1A,CLOCK",False
tRF-20-V47PU9XW,14.358475169727267,8.4106696226,-0.771609975524536,0.164341850100364,0.6375019020376759,False,TAGTGGTTAGTACTCTGCGT,TAGTGGTTAGTACTCTGCGT,i-tRF,i-tRF,His,His,GTG,GTG,Nuclear,Nuclear,False,"BMP2,SMAD2",False
tRF-21-PS5P4PW3B,23.994608636,32.887762288000005,0.4548405671127353,0.164341850100364,0.6375019020376759,False,GCCCGGATAGCTCAGTCGGTA,GCCCGGATAGCTCAGTCGGTA,5'-tRF,5'-tRF,Lys,Lys,TTT,TTT,Nuclear,Nuclear,False,,False
tRF-21-JMRPFQRDE,70.98749512727272,52.310369327,-0.4404679517061858,0.1955284137946676,0.663668558360747,False,CAGTCGGTAGAGCATGGGACT,CAGTCGGTAGAGCATGGGACT,i-tRF,i-tRF,Lys,Lys,CTT,CTT,Nuclear,Nuclear,False,,False
tRF-21-WE884U1DD,26.04834376727273,30.796079971,0.2415550776514203,0.1955284137946676,0.663668558360747,False,TCGATTCCGGCTCGAAGGACC,TCGATTCCGGCTCGAAGGACC,3'-tRF,3'-tRF,Tyr,Tyr,GTA,GTA,Nuclear,Nuclear,False,,False
tRF-22-WR645J7KQ,21.72066910872727,43.543764057,1.0033975776357762,0.1955284137946676,0.663668558360747,False,TCTCCGGATGGAGGCGTGGGTT,TCTCCGGATGGAGGCGTGGGTT,i-tRF,i-tRF,Leu,Leu,CAA,CAA,Nuclear,Nuclear,False,,False
tRF-22-HXD3KY7SI,15.170489434818183,15.585968056899995,0.0389801336951776,0.1955284137946676,0.663668558360747,False,ATCTAAAGGTCCCTGGTTCGAT,ATCTAAAGGTCCCTGGTTCGAT,i-tRF,i-tRF,Phe,Phe,GAA,GAA,Nuclear,Nuclear,False,"SMAD2,RORB,RORA,KLF7,BMP5",True
tRF-20-INVDRI2Q,274.5253265,382.10370462,0.4770249930883423,0.1955284137946676,0.663668558360747,False,ATGTTTAGACGGGCTCACAT,ATGTTTAGACGGGCTCACAT,i-tRF,i-tRF,Phe,Phe,GAA,GAA,MT,MT,True,"SMAD2,BMPR1A,BMPR2,SLC5A7,RORA,BMPR1B",True
tRF-18-WB0Q37DW,8.532178615636363,11.422280854099998,0.4208646905209052,0.1955284137946676,0.663668558360747,False,TCGAAACCATCCTCTGCT,TCGAAACCATCCTCTGCT,i-tRF,i-tRF,Met,Met,CAT,CAT,Nuclear,Nuclear,False,,False
tRF-22-XSXMSL73O,17.279889371727272,14.2663287438,-0.2764798576322702,0.1955284137946676,0.663668558360747,False,TGCCGTGATCGTATAGTGGTTA,TGCCGTGATCGTATAGTGGTTA,5'-tRF,5'-tRF,His,His,GTG,GTG,Nuclear,Nuclear,False,,False
tRF-21-WR645J7KE,43.45343355,97.766385485,1.1698683373471654,0.1955284137946676,0.663668558360747,False,TCTCCGGATGGAGGCGTGGGT,TCTCCGGATGGAGGCGTGGGT,i-tRF,i-tRF,Leu,Leu,CAA,CAA,Nuclear,Nuclear,False,,False
tRF-23-Z3M8ZLSS0M,15.67949904218182,14.857811435999997,-0.0776578445495377,0.1955284137946676,0.663668558360747,False,TTGGTCGTGGTTGTAGTCCGTGC,TTGGTCGTGGTTGTAGTCCGTGC,i-tRF,i-tRF,Glu,Glu,TTC,TTC,MT,MT,False,ARNTL,False
tRF-18-07QSNHD2,12.855457893272728,18.6614375435,0.5376791275155055,0.1955284137946676,0.663668558360747,False,ACCCTGCTCGCTGCGCCA,ACCCTGCTCGCTGCGCCA,3'-tRF,3'-tRF,Ser,Ser,TGA,TGA,Nuclear,Nuclear,False,"NTRK1,LIF",False
tRF-18-8R6Q46D2,158.98860582999998,225.415641731,0.5036642522945787,0.1955284137946676,0.663668558360747,False,TCCCCGGCATCTCCACCA,TCCCCGGCATCTCCACCA,3'-tRF,3'-tRF,Ala,Ala,CGC,CGC,Nuclear,Nuclear,False,,False
tRF-18-UP0O5105,16.329531567363635,23.0598322342,0.4978986110591581,0.1955284137946676,0.663668558360747,False,TACAGACCAAGAGCCTTC,TACAGACCAAGAGCCTTC,i-tRF,i-tRF,Trp,Trp,TCA,TCA,MT,MT,False,"NR1D2,KLF7,BMP6,IL6R",True
tRF-23-XSXMSL730H,148.03821070636363,102.355148742,-0.5323859277662208,0.1955284137946676,0.663668558360747,False,TGCCGTGATCGTATAGTGGTTAG,TGCCGTGATCGTATAGTGGTTAG,5'-tRF,5'-tRF,His,His,GTG,GTG,Nuclear,Nuclear,False,,False
tRF-21-WB08Q2B5D,11.07877628681818,14.458728751700002,0.3841421760364674,0.2274237630274782,0.680343969056778,False,TCGAAACCGGGCGGAAACACC,TCGAAACCGGGCGGAAACACC,3'-tRF,3'-tRF,Val,Val,AAC,AAC,Nuclear,Nuclear,False,,False
tRF-21-RPM830MME,111.46412059363637,84.19667903799998,-0.4047441574733543,0.2274237630274782,0.680343969056778,False,GGTAGCGTGGCCGAGCGGTCT,GGTAGCGTGGCCGAGCGGTCT,5'-tRF,5'-tRF,Leu,Leu,AAG,AAG,Nuclear,Nuclear,False,,False
tRF-22-1SS2P46I3,20.277273290909093,23.695696427,0.2247613985757013,0.2274237630274782,0.680343969056778,False,AGTCGGTAGAGCATGGGACTCT,AGTCGGTAGAGCATGGGACTCT,i-tRF,i-tRF,Lys,Lys,CTT,CTT,Nuclear,Nuclear,False,,False
tRF-19-BE7XO8I5,42.936424823636365,32.8750907074,-0.3852071926502303,0.2274237630274782,0.680343969056778,False,AAAATGTTTAGACGGGCTC,AAAATGTTTAGACGGGCTC,i-tRF,i-tRF,Phe,Phe,GAA,GAA,MT,MT,True,"SMAD2,RORA,BMPR2,LIFR,BMP5,CLOCK,LHX8,NR1D2,SLC5A7,KLF7,ARNTL2,KLF4,BMPR1B,NTRK2,LIF,BMP3",True
tRF-22-7OFIZ9WUJ,14.913640627181818,19.674730357,0.3997113811251607,0.2274237630274782,0.680343969056778,False,GTTAAAGACTTTTTCTCTGACC,GTTAAAGACTTTTTCTCTGACC,3'-tRF,3'-tRF,Pro,Pro,TGG,TGG,MT,MT,False,"SMAD2,RORA,BMP5,NR1D2,BMPR1A,BMPR2,NTRK2,BMP2K,IL6ST",True
tRF-18-5BF900R,190.23891211818184,268.42968293,0.4967318432824772,0.2274237630274782,0.680343969056778,False,GAGAAAGCTCACAAGAAC,GAGAAAGCTCACAAGAAC,5'-half,5'-half,Ser,Ser,GCT,GCT,MT,MT,False,"SMAD2,KLF7,BMPR1B,RORA,BMPR1A,BMPR2,CNTF",True
tRF-20-739P8WQ0,18.02390584136364,12.8855327403,-0.4841594966187363,0.2274237630274782,0.680343969056778,False,GTGGTTGTAGTCCGTGCGAG,GTGGTTGTAGTCCGTGCGAG,i-tRF,i-tRF,Glu,Glu,TTC,TTC,MT,MT,False,"SMAD2,RORA",False
tRF-22-VF4YO9XEJ,46.07472447545455,59.493188536000005,0.3687489629281391,0.2274237630274782,0.680343969056778,False,TAGCACTCTGGACTCTGAATCC,TAGCACTCTGGACTCTGAATCC,i-tRF,i-tRF,Gln,Gln,CTG,CTG,Nuclear,Nuclear,False,"CLOCK,SMAD2",False
tRF-23-V47PU9XW0N,19.667553691727274,13.2804919608,-0.566508931435568,0.2274237630274782,0.680343969056778,False,TAGTGGTTAGTACTCTGCGTTGT,TAGTGGTTAGTACTCTGCGTTGT,i-tRF,i-tRF,His,His,GTG,GTG,Nuclear,Nuclear,False,"BMP2,SMAD2",False
tRF-21-J9ZH0SR90,19.132095599818182,24.3462590062,0.3477052025641916,0.2274237630274782,0.680343969056778,False,CATTCTTGCGACCCGGGTTCG,CATTCTTGCGACCCGGGTTCG,i-tRF,i-tRF,Gly,Gly,CCC,CCC,Nuclear,Nuclear,False,"SMAD2,RORB,CLOCK,IL6R",True
tRF-22-WB8HWKS52,9.555487656545454,13.8584735714,0.5363669549678458,0.2274237630274782,0.680343969056778,False,TCGAATCACGTCGGGGTCACCA,TCGAATCACGTCGGGGTCACCA,3'-tRF,3'-tRF,Trp,Trp,CCA,CCA,Nuclear,Nuclear,False,,False
tRF-18-1SS2PMX,18.303963965636367,15.263071400199996,-0.2621108109730858,0.2274237630274782,0.680343969056778,False,AGTCGGTAGAGCATCAGA,AGTCGGTAGAGCATCAGA,i-tRF,i-tRF,Lys,Lys,TTT,TTT,Nuclear,Nuclear,False,,False
tRF-22-V29K9UV34,17.262979812545456,12.868830269600002,-0.4238005900218837,0.2274237630274782,0.680343969056778,False,TAGGATGGGGTGTGATAGGTGG,TAGGATGGGGTGTGATAGGTGG,5'-tRF,5'-tRF,Gln,Gln,TTG,TTG,MT,MT,False,"RORA,BMPR1A,BDNF,SMAD2",True
tRF-19-RK9P4PJZ,216.69720683818184,146.733692007,-0.5624803866312433,0.2274237630274782,0.680343969056778,False,GGGGGTGTAGCTCAGTGGT,GGGGGTGTAGCTCAGTGGT,5'-tRF,5'-tRF,Ala,Ala,AGC,AGC,Nuclear,Nuclear,False,,False
tRF-18-S3M83004,144.69948508818183,91.382050769,-0.663077063503021,0.2586103267217818,0.7188145301794407,False,GTAGTCGTGGCCGAGTGG,GTAGTCGTGGCCGAGTGG,5'-tRF,5'-tRF,Ser,Ser,AGA,AGA,Nuclear,Nuclear,False,,False
tRF-20-40KK5Y93,16.417642629909093,12.3967406821,-0.4052861279057707,0.2586103267217818,0.7188145301794407,False,CTAAGCCAGGGATTGTGGGT,CTAAGCCAGGGATTGTGGGT,i-tRF,i-tRF,Arg,Arg,CCT,CCT,Nuclear,Nuclear,False,"NKX2-1,ARNTL2,RORB",False
tRF-19-88I26WIZ,57.78271483727274,105.03559255349998,0.8621683914804423,0.2586103267217818,0.7188145301794407,False,TCCGGATGGAGGCGTGGGT,TCCGGATGGAGGCGTGGGT,i-tRF,i-tRF,Leu,Leu,CAA,CAA,Nuclear,Nuclear,False,,False
tRF-21-RK9P4P9L0,18.53222591481818,13.077673009,-0.5029303185399945,0.2586103267217818,0.7188145301794407,False,GGGGGTGTAGCTCAGTGGTAG,GGGGGTGTAGCTCAGTGGTAG,5'-tRF,5'-tRF,Ala,Ala,AGC,AGC,Nuclear,Nuclear,False,,False
tRF-18-HRF8X7D2,16.314350334090907,28.3738937006,0.7984226048164702,0.2586103267217818,0.7188145301794407,False,ATCCCAGCGGTGCCTCCA,ATCCCAGCGGTGCCTCCA,3'-tRF,3'-tRF,Thr,Thr,AGT,AGT,Nuclear,Nuclear,False,"SMAD2,BMPR1A,ARNTL2",False
tRF-23-J9ZH0SR9D7,33.12489699363636,37.323537393,0.1721697578940766,0.2586103267217818,0.7188145301794407,False,CATTCTTGCGACCCGGGTTCGAT,CATTCTTGCGACCCGGGTTCGAT,i-tRF,i-tRF,Gly,Gly,CCC,CCC,Nuclear,Nuclear,False,"SMAD2,RORB,CLOCK,IL6R",True
tRF-22-WD8S746D2,11.563520232909092,20.5982311771,0.8329397966353085,0.2586103267217818,0.7188145301794407,False,TCGACTCCCGGTGTGGGAACCA,TCGACTCCCGGTGTGGGAACCA,3'-tRF,3'-tRF,Glu,Glu,TTC,TTC,Nuclear,Nuclear,False,,False
tRF-23-79MP9P9MDD,602.2945490000001,936.5566473399998,0.6368970560434857,0.2586103267217818,0.7188145301794407,False,GTTTCCGTAGTGTAGTGGTCATC,GTTTCCGTAGTGTAGTGGTCATC,5'-tRF,5'-tRF,Val,Val,AAC,AAC,Nuclear,Nuclear,False,,False
tRF-22-DWY2MJ8F5,36.81406128909091,23.516597952,-0.6465775485197511,0.2586103267217818,0.7188145301794407,False,AATGTTTAGACGGGCTCACATC,AATGTTTAGACGGGCTCACATC,i-tRF,i-tRF,Phe,Phe,GAA,GAA,MT,MT,True,"SMAD2,SLC5A7,LHX8,RORA,BMPR2,LIF,LIFR,RORB,BMPR1B,ARNTL2",True
tRF-20-UIX1Q7O6,107.72615382090908,141.357296545,0.3919778029736882,0.2868908697082071,0.7338585290362111,False,TAACTTGACCGCTCTGACCA,TAACTTGACCGCTCTGACCA,3'-tRF,3'-tRF,Val,Val,TAC,TAC,MT,MT,False,"LHX6,SMAD2,CLOCK",False
tRF-22-8BWS72092,16.727822853272727,20.595745396,0.3000966517448882,0.2868908697082071,0.7338585290362111,False,TCAAATCTCGGTGGAACCTCCA,TCAAATCTCGGTGGAACCTCCA,3'-tRF,3'-tRF,Gln,Gln,CTG,CTG,Nuclear,Nuclear,False,"SMAD2,ARNTL2,BMP8B,BMP5,IL6ST",True
tRF-23-2YU04DYJDE,21.65136265963636,33.67377619140001,0.6371676887692415,0.2868908697082071,0.7338585290362111,False,CACTGTAAAGCTAACTTAGCATT,CACTGTAAAGCTAACTTAGCATT,5'-tRF,5'-tRF,Lys,Lys,TTT,TTT,MT,MT,False,"SMAD2,ARNTL,ARNTL2",False
tRF-20-WB8US565,9.161944163727272,9.8881535161,0.1100473710577412,0.2868908697082071,0.7338585290362111,False,TCGAATCCGAGTCACGGCAC,TCGAATCCGAGTCACGGCAC,3'-tRF,3'-tRF,His,His,GTG,GTG,Nuclear,Nuclear,False,NR1D2,False
tRF-23-XBINVDRID1,16.375739719454547,20.179808527999995,0.3013524087299917,0.2868908697082071,0.7338585290362111,False,TGAAAATGTTTAGACGGGCTCAC,TGAAAATGTTTAGACGGGCTCAC,i-tRF,i-tRF,Phe,Phe,GAA,GAA,MT,MT,True,"SMAD2,RORA,RORB,PCYT1A,BMP3,LIFR,LHX8,BMPR1A,CLOCK,BDNF,BMPR2,SLC5A7,PRIMA1,BMP5",True
tRF-21-WD8S746DD,9.324055696545456,12.086118936,0.3743215169291312,0.2868908697082071,0.7338585290362111,False,TCGACTCCCGGTGTGGGAACC,TCGACTCCCGGTGTGGGAACC,3'-tRF,3'-tRF,Glu,Glu,TTC,TTC,Nuclear,Nuclear,False,,False
tRF-23-DWY2MJ8F02,23.608935863,13.84173927,-0.770307780962399,0.2868908697082071,0.7338585290362111,False,AATGTTTAGACGGGCTCACATCA,AATGTTTAGACGGGCTCACATCA,i-tRF,i-tRF,Phe,Phe,GAA,GAA,MT,MT,True,"SMAD2,SLC5A7,LHX8,RORA,BMPR2,LIF,LIFR,RORB,BMPR1B,ARNTL2",True
tRF-19-W3FJIKE5,12.607382143909092,10.037319406700002,-0.3288947080426956,0.2868908697082071,0.7338585290362111,False,TCGGTAGAGCATGGGACTC,TCGGTAGAGCATGGGACTC,i-tRF,i-tRF,Lys,Lys,CTT,CTT,Nuclear,Nuclear,False,,False
tRF-20-JMRPFQRD,39.71966481,34.300401380000004,-0.2116279893930608,0.2868908697082071,0.7338585290362111,False,CAGTCGGTAGAGCATGGGAC,CAGTCGGTAGAGCATGGGAC,i-tRF,i-tRF,Lys,Lys,CTT,CTT,Nuclear,Nuclear,False,,False
tRF-23-40KK5Y930K,13.095507072090909,11.0053383859,-0.2508684183907337,0.2868908697082071,0.7338585290362111,False,CTAAGCCAGGGATTGTGGGTTCG,CTAAGCCAGGGATTGTGGGTTCG,i-tRF,i-tRF,Arg,Arg,CCT,CCT,Nuclear,Nuclear,False,"NKX2-1,ARNTL2,RORB",False
tRF-20-ML5F82NZ,15.893526370090909,9.7073507437,-0.711289732492109,0.2868908697082071,0.7338585290362111,False,CGGTAGAGCATCAGACTTTT,CGGTAGAGCATCAGACTTTT,i-tRF,i-tRF,Lys,Lys,TTT,TTT,Nuclear,Nuclear,False,SMAD2,False
tRF-19-V29K9U2Y,58.80650283,46.7139863868,-0.3321211329912286,0.3070373898547273,0.7579314588721591,False,TAGGATGGGGTGTGATAGG,TAGGATGGGGTGTGATAGG,5'-tRF,5'-tRF,Gln,Gln,TTG,TTG,MT,MT,False,"BMPR1A,RORA,BDNF,SMAD2",True
tRF-18-J0DPZODE,15.93915215663636,24.223415549199995,0.6038274113990445,0.3070373898547273,0.7579314588721591,False,CAGAGAATAGTTTAAATT,CAGAGAATAGTTTAAATT,5'-tRF,5'-tRF,Pro,Pro,TGG,TGG,MT,MT,False,"SMAD2,BMPR2,STAT5B,BMP5,NTRK2,CLOCK,KLF7,STAT5A",True
tRF-19-9N1EWJI5,58.46448287545454,67.33341148100001,0.2037621067747679,0.3070373898547273,0.7579314588721591,False,TGGTTAGGATTCGGCGCTC,TGGTTAGGATTCGGCGCTC,i-tRF,i-tRF,Glu,Glu,CTC,CTC,Nuclear,Nuclear,False,"NR1D2,NTRK2",False
tRF-20-V29K9UV3,22.141597502727272,20.6988006078,-0.0972121422715748,0.3070373898547273,0.7579314588721591,False,TAGGATGGGGTGTGATAGGT,TAGGATGGGGTGTGATAGGT,5'-tRF,5'-tRF,Gln,Gln,TTG,TTG,MT,MT,False,"BMPR1A,RORA,BDNF,SMAD2",True
tRF-22-NONU3IND2,50.170366437272726,67.27847645300001,0.4233095601967909,0.3070373898547273,0.7579314588721591,False,CTTAACTTGACCGCTCTGACCA,CTTAACTTGACCGCTCTGACCA,3'-tRF,3'-tRF,Val,Val,TAC,TAC,MT,MT,False,"LHX6,SMAD2,NR1D2,CNTF",True
tRF-21-J0DPZOIPB,7.955626339454546,12.1219603556,0.6075756071385099,0.3460574513206092,0.7823339586110485,False,CAGAGAATAGTTTAAATTAGA,CAGAGAATAGTTTAAATTAGA,5'-tRF,5'-tRF,Pro,Pro,TGG,TGG,MT,MT,False,"SMAD2,BMPR2,STAT5B,BMP5,CLOCK,NTRK2,STAT5A,LIFR",True
tRF-21-MN1E8Y7ZD,18.30798382463636,14.903840405900002,-0.2967887916794276,0.3460574513206092,0.7823339586110485,False,CGGTTAGGATTCCTGGTTTTC,CGGTTAGGATTCCTGGTTTTC,i-tRF,i-tRF,Glu,Glu,TTC,TTC,Nuclear,Nuclear,False,,False
tRF-20-PJ60MV9J,8.047786236727273,10.1305113326,0.332043105040384,0.3460574513206092,0.7823339586110485,False,GCAGCGGAAGCGTGCTGGGC,GCAGCGGAAGCGTGCTGGGC,i-tRF,i-tRF,Met,Met,CAT,CAT,Nuclear,Nuclear,False,,False
tRF-19-MBQ4NK12,11.155905028727274,10.6347603938,-0.0690200286714222,0.3460574513206092,0.7823339586110485,False,CGGAAGCGTGCTGGGCCCA,CGGAAGCGTGCTGGGCCCA,i-tRF,i-tRF,Met,Met,CAT,CAT,Nuclear,Nuclear,False,,False
tRF-18-2F9IY9V,13.479683764727271,17.0859055555,0.3420200617535931,0.3460574513206092,0.7823339586110485,False,CAACATGGCTTTCTCACC,CAACATGGCTTTCTCACC,3'-tRF,3'-tRF,Ser,Ser,GCT,GCT,MT,MT,False,"RORA,BMPR2,SMAD2,LIFR",True
tRF-20-RX6NMH49,12.423679146,11.2461223387,-0.143664830122475,0.3460574513206092,0.7823339586110485,False,GGTTAGGATTCGGCGCTCTC,GGTTAGGATTCGGCGCTCTC,i-tRF,i-tRF,Glu,Glu,CTC,CTC,Nuclear,Nuclear,False,,False
tRF-18-RX6NMHD5,20.906470149090907,14.4195241748,-0.5359259393475369,0.3460574513206092,0.7823339586110485,False,GGTTAGGATTCGGCGCTC,GGTTAGGATTCGGCGCTC,i-tRF,i-tRF,Glu,Glu,CTC,CTC,Nuclear,Nuclear,False,,False
tRF-18-JMRPFQDY,33.29485583545455,38.27697985100001,0.2011777086906976,0.3900588575511176,0.7823339586110485,False,CAGTCGGTAGAGCATGGG,CAGTCGGTAGAGCATGGG,i-tRF,i-tRF,Lys,Lys,CTT,CTT,Nuclear,Nuclear,False,,False
tRF-19-UJJKIWIZ,14.679441708636364,14.369231066600005,-0.0308142387176992,0.3460574513206092,0.7823339586110485,False,TAAGCCAGGGATTGTGGGT,TAAGCCAGGGATTGTGGGT,i-tRF,i-tRF,Arg,Arg,CCT,CCT,Nuclear,Nuclear,False,"SMAD2,RORB,NKX2-1,GBX2,ARNTL2,NPAS2",True
tRF-22-ZRS3S3R65,14.471441429727273,16.2009432773,0.1628691856134989,0.3460574513206092,0.7823339586110485,False,TTTCCGTAGTGTAGTGGTCATC,TTTCCGTAGTGTAGTGGTCATC,i-tRF,i-tRF,Val,Val,AAC,AAC,Nuclear,Nuclear,False,,False
tRF-20-73V2Y8L9,19.08797979336363,14.037444420199998,-0.4433841104656433,0.3460574513206092,0.7823339586110485,False,GTGGTTAGGATTCGGCGCTC,GTGGTTAGGATTCGGCGCTC,i-tRF,i-tRF,Glu,Glu,CTC,CTC,Nuclear,Nuclear,False,"NR1D2,SMAD2",False
tRF-18-J9ZH0SDZ,30.38810460481818,28.462796408,-0.0944292820609939,0.3460574513206092,0.7823339586110485,False,CATTCTTGCGACCCGGGT,CATTCTTGCGACCCGGGT,i-tRF,i-tRF,Gly,Gly,CCC,CCC,Nuclear,Nuclear,False,"SMAD2,RORB,CLOCK",False
tRF-22-DRFU8U76F,25.25599566636364,18.144043949200004,-0.4771298782654547,0.3900588575511176,0.7823339586110485,False,AATCCAGCGATCCGAGTTCAAA,AATCCAGCGATCCGAGTTCAAA,i-tRF,i-tRF,Gln,Gln,TTG,TTG,Nuclear,Nuclear,False,SMAD2,False
tRF-22-Q1Q89P9L5,24.23500684690909,30.403413506200003,0.3271408194933238,0.3900588575511176,0.7823339586110485,False,GCGCCGCTGGTGTAGTGGTATC,GCGCCGCTGGTGTAGTGGTATC,5'-tRF,5'-tRF,Gly,Gly,CCC,CCC,Nuclear,Nuclear,False,,False
tRF-18-HR0VX6D2,166.1651740781818,209.82771907,0.3365872313477505,0.3460574513206092,0.7823339586110485,False,ATCCCACCGCTGCCACCA,ATCCCACCGCTGCCACCA,3'-tRF,3'-tRF,Leu,Leu,AAG,AAG,Nuclear,Nuclear,False,SMAD2,False
tRF-20-18Y3E7QN,10.612765349454548,7.7985413384,-0.4445244172358795,0.3900588575511176,0.7823339586110485,False,AGTGGTTAGTACTCTGCGTT,AGTGGTTAGTACTCTGCGTT,i-tRF,i-tRF,His,His,GTG,GTG,Nuclear,Nuclear,False,"BMP2,SMAD2",False
tRF-20-VBY9PYKH,10.315898281,16.212102652400002,0.6522017626935019,0.3460574513206092,0.7823339586110485,False,TAGAATTCTCGCCTGCCACG,TAGAATTCTCGCCTGCCACG,i-tRF,i-tRF,Gly,Gly,GCC,GCC,Nuclear,Nuclear,False,"RORA,NTRK2,LIFR,SMAD2,RORB,STAT1",True
tRF-20-9N1EWJQ7,34.02144589181818,28.475971684,-0.2566993842348903,0.3900588575511176,0.7823339586110485,False,TGGTTAGGATTCGGCGCTCT,TGGTTAGGATTCGGCGCTCT,i-tRF,i-tRF,Glu,Glu,CTC,CTC,Nuclear,Nuclear,False,"NR1D2,NTRK2",False
tRF-21-YBOZZ7NDD,37.14105070227273,36.241998796,-0.0353521048012481,0.3900588575511176,0.7823339586110485,False,TTAAAGACTTTTTCTCTGACC,TTAAAGACTTTTTCTCTGACC,3'-tRF,3'-tRF,Pro,Pro,TGG,TGG,MT,MT,False,"NTRK2,SMAD2,RORA,BMP5,BMPR1A,NR1D2,BMP2K,CLOCK",True
tRF-21-LIK898O1B,9.331487025,15.8351551209,0.7629520939626899,0.3900588575511176,0.7823339586110485,False,CGACTCCCGGTGTGGGAACCA,CGACTCCCGGTGTGGGAACCA,3'-tRF,3'-tRF,Glu,Glu,TTC,TTC,Nuclear,Nuclear,False,,False
tRF-18-7P596V03,22.936003803636364,19.014327892,-0.2705271046639259,0.3900588575511176,0.7823339586110485,False,GTTAGGATTCGGCGCTCT,GTTAGGATTCGGCGCTCT,i-tRF,i-tRF,Glu,Glu,CTC,CTC,Nuclear,Nuclear,False,"RORA,BMPR2",False
tRF-22-VP9N15WVN,13.133884416636365,10.01628133,-0.390946674805416,0.3900588575511176,0.7823339586110485,False,TATAGTGGTTAGTACTCTGCGT,TATAGTGGTTAGTACTCTGCGT,i-tRF,i-tRF,His,His,GTG,GTG,Nuclear,Nuclear,False,,False
tRF-23-79MP9PMNDD,16.401511425272727,23.9244591251,0.5446575415856962,0.3900588575511176,0.7823339586110485,False,GTTTCCGTAGTGTAGCGGTTATC,GTTTCCGTAGTGTAGCGGTTATC,5'-tRF,5'-tRF,Val,Val,CAC,CAC,Nuclear,Nuclear,False,,False
tRF-18-B4ZPEKD5,15.83403673409091,17.557790115899998,0.1490821702447182,0.3900588575511176,0.7823339586110485,False,AAATGTTTAGACGGGCTC,AAATGTTTAGACGGGCTC,i-tRF,i-tRF,Phe,Phe,GAA,GAA,MT,MT,True,"SMAD2,LHX8,ARNTL2,BMPR2,SLC5A7,RORA,LIFR,NR1D2,CLOCK,LIF,BMPR1A,BMPR1B",True
tRF-20-8B3VMKNR,12.861750739727274,16.345491101900002,0.3458056881902678,0.3900588575511176,0.7823339586110485,False,TCAAACCTGCCGGGGCTTCC,TCAAACCTGCCGGGGCTTCC,3'-tRF,3'-tRF,Cys,Cys,GCA,GCA,MT,MT,False,"BMPR2,ARNTL2",False
tRF-22-12Z4R95MJ,18.11963855190909,23.348495639200003,0.3657754220371965,0.3900588575511176,0.7823339586110485,False,AGGGATTGTGGGTTCGAGTCCC,AGGGATTGTGGGTTCGAGTCCC,i-tRF,i-tRF,Arg,Arg,CCT,CCT,Nuclear,Nuclear,False,,False
tRF-23-OB9ZFH69U,69.53158138272728,57.20157505400001,-0.2816135292791086,0.3900588575511176,0.7823339586110485,False,GAAAATGTTTAGACGGGCTCACA,GAAAATGTTTAGACGGGCTCACA,i-tRF,i-tRF,Phe,Phe,GAA,GAA,MT,MT,False,"SMAD2,RORA,CLOCK,BMPR2,NR1D2,BMP5,LHX8,KLF7,LIFR,ARNTL2,BMP2,BMP3,KLF4,LIF,BMPR1A,PCYT1A,RORB",True
tRF-23-9KIWRNL3DJ,22.095948478272728,30.5121739254,0.4656031116915349,0.3900588575511176,0.7823339586110485,False,TGGGGATTGTGGGTTCGAGTCCC,TGGGGATTGTGGGTTCGAGTCCC,i-tRF,i-tRF,Arg,Arg,CCG,CCG,Nuclear,Nuclear,False,"NTRK2,BMP7",False
tRF-20-DWY2MJ8F,75.22966234454546,54.349332619,-0.4690392952594004,0.3900588575511176,0.7823339586110485,False,AATGTTTAGACGGGCTCACA,AATGTTTAGACGGGCTCACA,i-tRF,i-tRF,Phe,Phe,GAA,GAA,MT,MT,True,"SMAD2,SLC5A7,LHX8,RORA,BMPR2,LIF,LIFR,RORB,BMPR1B,ARNTL2",True
tRF-19-73VL4YHE,99.00959445363635,70.9254962974,-0.481263994576155,0.3900588575511176,0.7823339586110485,False,GTGGTTAGTACTCTGCGTT,GTGGTTAGTACTCTGCGTT,i-tRF,i-tRF,His,His,GTG,GTG,Nuclear,Nuclear,False,"NR1D2,NTRK2,SMAD2",False
tRF-23-PS5P4PW3X,31.539259841818183,37.88080078200001,0.264318025416518,0.3900588575511176,0.7823339586110485,False,GCCCGGATAGCTCAGTCGGTAGA,GCCCGGATAGCTCAGTCGGTAGA,5'-tRF,5'-tRF,Lys,Lys,TTT,TTT,Nuclear,Nuclear,False,,False
tRF-18-H9R8B7D2,213.56371795,431.306595703,1.0140472081357652,0.3900588575511176,0.7823339586110485,False,ATCTCGGTGGAACCTCCA,ATCTCGGTGGAACCTCCA,3'-tRF,3'-tRF,Gln,Gln,CTG,CTG,Nuclear,Nuclear,False,,False
tRF-19-RXSINHKN,15.090511401181818,11.7555866577,-0.3602951601864586,0.3900588575511176,0.7823339586110485,False,GGTTAGTACTCTGCGTTGT,GGTTAGTACTCTGCGTTGT,i-tRF,i-tRF,His,His,GTG,GTG,Nuclear,Nuclear,False,NTRK2,False
tRF-18-OB9ZFHD9,33.61844117309091,43.66310371529999,0.3771618544857693,0.4345138865262704,0.7947326525584117,False,GAAAATGTTTAGACGGGC,GAAAATGTTTAGACGGGC,i-tRF,i-tRF,Phe,Phe,GAA,GAA,MT,MT,False,"SMAD2,RORA,BMPR2,CLOCK,BMP5,NR1D2,KLF7,LHX8,LIFR,ARNTL2,BMP2,KLF4,BMP3,BMPR1A,PCYT1A,RORB,LIF,BMPR1B",True
tRF-19-Z3M8ZL2J,135.04557975090913,119.91639951399998,-0.1714174468198166,0.4345138865262704,0.7947326525584117,False,TTGGTCGTGGTTGTAGTCC,TTGGTCGTGGTTGTAGTCC,i-tRF,i-tRF,Glu,Glu,TTC,TTC,MT,MT,False,ARNTL,False
tRF-21-73V2Y8L9E,17.772195186363636,17.755806115,-0.0013310308935023,0.4345138865262704,0.7947326525584117,False,GTGGTTAGGATTCGGCGCTCT,GTGGTTAGGATTCGGCGCTCT,i-tRF,i-tRF,Glu,Glu,CTC,CTC,Nuclear,Nuclear,False,"NR1D2,SMAD2",False
tRF-23-R29P4P9LDS,11.218383295363637,10.2869448082,-0.1250502113914064,0.4345138865262704,0.7947326525584117,False,GGGGATGTAGCTCAGTGGTAGAG,GGGGATGTAGCTCAGTGGTAGAG,5'-tRF,5'-tRF,Ala,Ala,CGC,CGC,Nuclear,Nuclear,False,,False
tRF-21-R29P4P9L0,19.69121188709091,16.115222992099998,-0.2891277523896418,0.4345138865262704,0.7947326525584117,False,GGGGATGTAGCTCAGTGGTAG,GGGGATGTAGCTCAGTGGTAG,5'-tRF,5'-tRF,Ala,Ala,CGC,CGC,Nuclear,Nuclear,False,,False
tRF-18-XSXMSL00,22.51230216772727,21.141902988,-0.0906083582491001,0.4345138865262704,0.7947326525584117,False,TGCCGTGATCGTATAGTG,TGCCGTGATCGTATAGTG,5'-tRF,5'-tRF,His,His,GTG,GTG,Nuclear,Nuclear,False,,False
tRF-18-S4I7MN04,13.264449312636366,10.311691489,-0.3632837757354865,0.4345138865262704,0.7947326525584117,False,GTATGATTCTCGGTTTGG,GTATGATTCTCGGTTTGG,i-tRF,i-tRF,Pro,Pro,TGG,TGG,Nuclear,Nuclear,False,"BMPR2,RORB",False
tRF-19-JMRPFQFX,12.337144681818184,9.288177575,-0.4095410750927581,0.4345138865262704,0.7947326525584117,False,CAGTCGGTAGAGCATCAGA,CAGTCGGTAGAGCATCAGA,i-tRF,i-tRF,Lys,Lys,TTT,TTT,Nuclear,Nuclear,False,,False
tRF-19-XSXMSL24,35.54568376327273,27.876288782,-0.3506358815592945,0.4345138865262704,0.7947326525584117,False,TGCCGTGATCGTATAGTGG,TGCCGTGATCGTATAGTGG,5'-tRF,5'-tRF,His,His,GTG,GTG,Nuclear,Nuclear,False,,False
tRF-22-WB0Q37Q52,83.38510434181819,96.873564987,0.2163133463321571,0.4345138865262704,0.7947326525584117,False,TCGAAACCATCCTCTGCTACCA,TCGAAACCATCCTCTGCTACCA,3'-tRF,3'-tRF,Met,Met,CAT,CAT,Nuclear,Nuclear,False,,False
tRF-22-JMRPFQRD5,33.47169939636364,25.9541921745,-0.3669742156821316,0.4345138865262704,0.7947326525584117,False,CAGTCGGTAGAGCATGGGACTC,CAGTCGGTAGAGCATGGGACTC,i-tRF,i-tRF,Lys,Lys,CTT,CTT,Nuclear,Nuclear,False,,False
tRF-19-9NS3341S,11.987188518181815,12.5848505741,0.0701947588633498,0.4345138865262704,0.7947326525584117,False,TGGTTGTAGTCCGTGCGAG,TGGTTGTAGTCCGTGCGAG,i-tRF,i-tRF,Glu,Glu,TTC,TTC,MT,MT,True,"CHAT,RORA",True
tRF-20-2YU04DYJ,54.30405426363636,68.241637236,0.329592348228628,0.4345138865262704,0.7947326525584117,False,CACTGTAAAGCTAACTTAGC,CACTGTAAAGCTAACTTAGC,5'-tRF,5'-tRF,Lys,Lys,TTT,TTT,MT,MT,False,"SMAD2,ARNTL,ARNTL2",False
tRF-18-BS68BFD2,392.99813758181824,1041.62251083,1.4062381518061446,0.4345138865262704,0.7947326525584117,False,AACCGGGCGGAAACACCA,AACCGGGCGGAAACACCA,3'-tRF,3'-tRF,Val,Val,AAC,AAC,Nuclear,Nuclear,False,,False
tRF-22-UE02K0F75,22.882233982999995,27.795209911,0.2806083687322198,0.4345138865262704,0.7947326525584117,False,TAAATACAGACCAAGAGCCTTC,TAAATACAGACCAAGAGCCTTC,i-tRF,i-tRF,Trp,Trp,TCA,TCA,MT,MT,False,"BMP2,CNTFR,SMAD2,LIFR,RORA,IL6,BMPR1B,BDNF,KLF7,BMP3,BMPR2,LIF,KLF16,LHX8,BMPR1A,BMP2K,CLOCK,KLF4,BMP5,NR1D2,RORB,STAT1,IL6ST",True
tRF-20-9M739P8W,53.351172653272734,61.48313105099999,0.2046706549871935,0.4345138865262704,0.7947326525584117,False,TGGTCGTGGTTGTAGTCCGT,TGGTCGTGGTTGTAGTCCGT,i-tRF,i-tRF,Glu,Glu,TTC,TTC,MT,MT,False,,False
tRF-20-DRFU8U76,30.26558744727272,25.919221762,-0.2236559524495405,0.4345138865262704,0.7947326525584117,False,AATCCAGCGATCCGAGTTCA,AATCCAGCGATCCGAGTTCA,i-tRF,i-tRF,Gln,Gln,TTG,TTG,Nuclear,Nuclear,False,SMAD2,False
tRF-19-7X9PN5HJ,23.799823913090908,25.6897830782,0.1102438087701367,0.479150364599281,0.8092826732227091,False,GTTTATGTAGCTTACCTCC,GTTTATGTAGCTTACCTCC,5'-tRF,5'-tRF,Phe,Phe,GAA,GAA,MT,MT,False,"SMAD2,BDNF,BMPR1A",False
tRF-21-RE987S1RD,17.829008100909093,20.6478843445,0.2117675232688993,0.479150364599281,0.8092826732227091,False,GGGATTGTGGGTTCGAGTCCC,GGGATTGTGGGTTCGAGTCCC,i-tRF,i-tRF,Arg,Arg,CCT,CCT,Nuclear,Nuclear,False,,False
tRF-23-U4307W5NDL,11.460295105636364,12.6140912035,0.1383920751058389,0.479150364599281,0.8092826732227091,False,TAATGCCGAGGTTGTGAGTTCGA,TAATGCCGAGGTTGTGAGTTCGA,i-tRF,i-tRF,Ile,Ile,TAT,TAT,Nuclear,Nuclear,False,"BDNF,RORA,NR1D2",False
tRF-22-R2Z4R95MJ,25.51908960045455,34.8792359541,0.4507915760198271,0.479150364599281,0.8092826732227091,False,GGGGATTGTGGGTTCGAGTCCC,GGGGATTGTGGGTTCGAGTCCC,i-tRF,i-tRF,Arg,Arg,CCG,CCG,Nuclear,Nuclear,False,,False
tRF-18-R81XDD0Q,40.71614711609092,49.047183842,0.268569254479452,0.479150364599281,0.8092826732227091,False,GGTGGAGTTAAAGACTTT,GGTGGAGTTAAAGACTTT,i-tRF,i-tRF,Pro,Pro,TGG,TGG,MT,MT,False,SMAD2,False
tRF-20-BE7XO8Q6,29.590480092363634,28.295300793,-0.0645706297444812,0.479150364599281,0.8092826732227091,False,AAAATGTTTAGACGGGCTCA,AAAATGTTTAGACGGGCTCA,i-tRF,i-tRF,Phe,Phe,GAA,GAA,MT,MT,True,"SMAD2,RORA,BMPR2,LIFR,BMP5,CLOCK,LHX8,NR1D2,SLC5A7,KLF7,ARNTL2,KLF4,BMPR1B,NTRK2,LIF,BMP3,IL6ST",True
tRF-20-1SS2P46I,41.27985024181818,49.098947866,0.2502543727234396,0.479150364599281,0.8092826732227091,False,AGTCGGTAGAGCATGGGACT,AGTCGGTAGAGCATGGGACT,i-tRF,i-tRF,Lys,Lys,CTT,CTT,Nuclear,Nuclear,False,,False
tRF-21-9M739P8W0,17.917708348636367,18.0459802528,0.010291381777197,0.479150364599281,0.8092826732227091,False,TGGTCGTGGTTGTAGTCCGTG,TGGTCGTGGTTGTAGTCCGTG,i-tRF,i-tRF,Glu,Glu,TTC,TTC,MT,MT,False,,False
tRF-22-J9ZH0SR9L,19.547572130636365,25.9911236638,0.4110295751726989,0.479150364599281,0.8092826732227091,False,CATTCTTGCGACCCGGGTTCGA,CATTCTTGCGACCCGGGTTCGA,i-tRF,i-tRF,Gly,Gly,CCC,CCC,Nuclear,Nuclear,False,"SMAD2,RORB,CLOCK,IL6R",True
tRF-19-D890YBHW,17.480902600545456,20.0947969317,0.201042320106028,0.479150364599281,0.8092826732227091,False,AATGGTGGAGTTAAAGACT,AATGGTGGAGTTAAAGACT,i-tRF,i-tRF,Pro,Pro,TGG,TGG,MT,MT,True,"CNTFR,BMPR1A,COLQ,SMAD2",True
tRF-21-Z3M8ZLSSE,32.60714919663637,44.49364079640001,0.4484108417170711,0.479150364599281,0.8092826732227091,False,TTGGTCGTGGTTGTAGTCCGT,TTGGTCGTGGTTGTAGTCCGT,i-tRF,i-tRF,Glu,Glu,TTC,TTC,MT,MT,False,ARNTL,False
tRF-18-69M8LO04,50.42496898254546,79.40751585340001,0.655137272274855,0.479150364599281,0.8092826732227091,False,GGCTCCGTGGCGCAATGG,GGCTCCGTGGCGCAATGG,5'-tRF,5'-tRF,Arg,Arg,TCT,TCT,Nuclear,Nuclear,False,,False
tRF-20-S998LO9D,62.016942394272725,45.110508849800006,-0.459198839019443,0.479150364599281,0.8092826732227091,False,GTCTCTGTGGCGCAATGGAC,GTCTCTGTGGCGCAATGGAC,5'-tRF,5'-tRF,Arg,Arg,TCT,TCT,Nuclear,Nuclear,False,"BMPR2,SMAD2",False
tRF-23-739P8WQ07,21.421040609545454,21.3577066083,-0.0042718275881226,0.479150364599281,0.8092826732227091,False,GTGGTTGTAGTCCGTGCGAGAAT,GTGGTTGTAGTCCGTGCGAGAAT,i-tRF,i-tRF,Glu,Glu,TTC,TTC,MT,MT,False,"SMAD2,RORA",False
tRF-23-I8W47W1R00,33.10033058636364,27.359525336,-0.2748024249471141,0.479150364599281,0.8092826732227091,False,ATTGGTCGTGGTTGTAGTCCGTG,ATTGGTCGTGGTTGTAGTCCGTG,i-tRF,i-tRF,Glu,Glu,TTC,TTC,MT,MT,False,ARNTL,False
tRF-19-7P596VJ5,14.870823505272726,12.307715878,-0.272921497339269,0.479150364599281,0.8092826732227091,False,GTTAGGATTCGGCGCTCTC,GTTAGGATTCGGCGCTCTC,i-tRF,i-tRF,Glu,Glu,CTC,CTC,Nuclear,Nuclear,False,"RORA,BMPR2",False
tRF-22-7O58J0K8O,15.289737559545454,20.0000054978,0.3874367527869835,0.5237868426722917,0.8404397975605408,False,GTTAAGATGGCAGAGCCCGGTA,GTTAAGATGGCAGAGCCCGGTA,5'-tRF,5'-tRF,Leu,Leu,TAA,TAA,MT,MT,False,"SMAD2,IL6ST,BMPR2",False
tRF-18-BE7XO8DW,17.584179203727274,13.055946166800002,-0.4295709804431382,0.5237868426722917,0.8404397975605408,False,AAAATGTTTAGACGGGCT,AAAATGTTTAGACGGGCT,i-tRF,i-tRF,Phe,Phe,GAA,GAA,MT,MT,True,"SMAD2,RORA,BMPR2,LIFR,BMP5,CLOCK,NR1D2,LHX8,SLC5A7,KLF7,ARNTL2,KLF4,NTRK2,BMPR1B,BMPR1A,BMP3",True
tRF-18-1SS2P4DX,26.117285931818177,33.437384527,0.3564570221680903,0.5237868426722917,0.8404397975605408,False,AGTCGGTAGAGCATGGGA,AGTCGGTAGAGCATGGGA,i-tRF,i-tRF,Lys,Lys,CTT,CTT,Nuclear,Nuclear,False,,False
tRF-23-W47W1R7HX,30.90176789545455,40.901123119800005,0.4044510819114464,0.5237868426722917,0.8404397975605408,False,TCGTGGTTGTAGTCCGTGCGAGA,TCGTGGTTGTAGTCCGTGCGAGA,i-tRF,i-tRF,Glu,Glu,TTC,TTC,MT,MT,False,,False
tRF-18-9N1EWJDW,51.19502885999999,49.779641232,-0.0404478957680192,0.5237868426722917,0.8404397975605408,False,TGGTTAGGATTCGGCGCT,TGGTTAGGATTCGGCGCT,i-tRF,i-tRF,Glu,Glu,CTC,CTC,Nuclear,Nuclear,False,"NR1D2,NTRK2",False
tRF-21-JMRPFQ5DD,32.43399782909091,22.8387082135,-0.5060258096560348,0.5237868426722917,0.8404397975605408,False,CAGTCGGTAGAGCATGAGACC,CAGTCGGTAGAGCATGAGACC,i-tRF,i-tRF,Lys,Lys,CTT,CTT,Nuclear,Nuclear,False,,False
tRF-18-02K0F702,17.844320784181818,23.062886968,0.3701081295652342,0.5237868426722917,0.8404397975605408,False,ACAGACCAAGAGCCTTCA,ACAGACCAAGAGCCTTCA,i-tRF,i-tRF,Trp,Trp,TCA,TCA,MT,MT,False,,False
tRF-21-1SS2P46ID,14.940079478636363,16.896270299,0.1775169965503154,0.5237868426722917,0.8404397975605408,False,AGTCGGTAGAGCATGGGACTC,AGTCGGTAGAGCATGGGACTC,i-tRF,i-tRF,Lys,Lys,CTT,CTT,Nuclear,Nuclear,False,,False
tRF-21-S8V0J8O9E,15.246750544181817,12.5606288669,-0.2795931050529656,0.5237868426722917,0.8404397975605408,False,GTCGGTAGAGCATGGGACTCT,GTCGGTAGAGCATGGGACTCT,i-tRF,i-tRF,Lys,Lys,CTT,CTT,Nuclear,Nuclear,False,,False
tRF-21-I8W47W1R0,22.55196330263636,16.6555083572,-0.4372536469882719,0.5237868426722917,0.8404397975605408,False,ATTGGTCGTGGTTGTAGTCCG,ATTGGTCGTGGTTGTAGTCCG,i-tRF,i-tRF,Glu,Glu,TTC,TTC,MT,MT,False,ARNTL,False
tRF-19-YDZDL9JR,59.28468235,81.06939251200001,0.4514979350609405,0.5237868426722917,0.8404397975605408,False,TTAACTTGACCGCTCTGAC,TTAACTTGACCGCTCTGAC,3'-tRF,3'-tRF,Val,Val,TAC,TAC,MT,MT,False,"LHX6,SMAD2,CLOCK,NR1D2",True
tRF-18-PS5P4P0K,66.28801442818181,87.508188898,0.4006699892681507,0.5676861837852549,0.8527371186221063,False,GCCCGGATAGCTCAGTCG,GCCCGGATAGCTCAGTCG,5'-tRF,5'-tRF,Lys,Lys,TTT,TTT,Nuclear,Nuclear,False,,False
tRF-22-9M739P8WM,13.951755669636364,16.2604190028,0.2209177534145805,0.5676861837852549,0.8527371186221063,False,TGGTCGTGGTTGTAGTCCGTGC,TGGTCGTGGTTGTAGTCCGTGC,i-tRF,i-tRF,Glu,Glu,TTC,TTC,MT,MT,False,,False
tRF-18-F8DHXYD9,10.205224947727274,13.803750388000005,0.4357523078016854,0.5676861837852549,0.8527371186221063,False,AGCGGAAGCGTGCTGGGC,AGCGGAAGCGTGCTGGGC,i-tRF,i-tRF,Met,Met,CAT,CAT,Nuclear,Nuclear,False,,False
tRF-22-I7XUK87SI,15.615902495363631,17.6560686675,0.1771481956796776,0.5676861837852549,0.8527371186221063,False,ATTCTTGCGACCCGGGTTCGAT,ATTCTTGCGACCCGGGTTCGAT,i-tRF,i-tRF,Gly,Gly,CCC,CCC,Nuclear,Nuclear,True,"SMAD2,RORB,BCHE,CLOCK,NTRK2,IL6R",True
tRF-18-V29K9U0H,29.98699408363637,23.904070768,-0.327080588392918,0.5676861837852549,0.8527371186221063,False,TAGGATGGGGTGTGATAG,TAGGATGGGGTGTGATAG,5'-tRF,5'-tRF,Gln,Gln,TTG,TTG,MT,MT,False,"RORA,BMPR1A,BDNF,SMAD2",True
tRF-19-2DN1RJKJ,10.95331120281818,12.9889509026,0.2459178465624316,0.5676861837852549,0.8527371186221063,False,CAAACCTGCCGGGGCTTCC,CAAACCTGCCGGGGCTTCC,3'-tRF,3'-tRF,Cys,Cys,GCA,GCA,MT,MT,False,"SMAD2,BMPR2",False
tRF-18-BS5EOBD3,9.31967491990909,7.312511200600001,-0.349912703666178,0.5676861837852549,0.8527371186221063,False,AACCGGAGATGAAAACCT,AACCGGAGATGAAAACCT,i-tRF,i-tRF,Thr,Thr,TGT,TGT,MT,MT,False,,False
tRF-19-INVDRIFU,424.9629134636364,466.85685587,0.1356433267874948,0.5676861837852549,0.8527371186221063,False,ATGTTTAGACGGGCTCACA,ATGTTTAGACGGGCTCACA,i-tRF,i-tRF,Phe,Phe,GAA,GAA,MT,MT,True,"SMAD2,BMPR1A,BMPR2,SLC5A7,RORA,BMPR1B",True
tRF-18-4E6L1F0P,23.618203755272727,37.30049670359999,0.6592955948871797,0.5676861837852549,0.8527371186221063,False,CTAATGGATAAGGCATTG,CTAATGGATAAGGCATTG,i-tRF,i-tRF,Arg,Arg,CCT,CCT,Nuclear,Nuclear,False,,False
tRF-23-9M739P8WD8,53.9496365,54.09428127699999,0.003862844506786,0.5676861837852549,0.8527371186221063,False,TGGTCGTGGTTGTAGTCCGTGCG,TGGTCGTGGTTGTAGTCCGTGCG,i-tRF,i-tRF,Glu,Glu,TTC,TTC,MT,MT,False,,False
tRF-19-OSM83OJX,62.46699844181818,84.627854661,0.4380383847633169,0.5676861837852549,0.8527371186221063,False,GACCGCGTGGCCTAATGGA,GACCGCGTGGCCTAATGGA,5'-tRF,5'-tRF,Arg,Arg,TCG,TCG,Nuclear,Nuclear,False,,False
tRF-18-3290Q4DZ,22.35339340763636,31.6903463548,0.5035495678912376,0.5676861837852549,0.8527371186221063,False,CCGGATGGAGGCGTGGGT,CCGGATGGAGGCGTGGGT,i-tRF,i-tRF,Leu,Leu,CAA,CAA,Nuclear,Nuclear,False,,False
tRF-19-DWY2MJJ1,336.1051599090909,329.393133468,-0.0291022102226232,0.5676861837852549,0.8527371186221063,False,AATGTTTAGACGGGCTCAC,AATGTTTAGACGGGCTCAC,i-tRF,i-tRF,Phe,Phe,GAA,GAA,MT,MT,True,"SMAD2,SLC5A7,LHX8,RORA,BMPR2,LIF,RORB,LIFR,BMPR1B,ARNTL2",True
tRF-18-INVDRID1,2379.873397572728,2784.9429939200004,0.2267629684390524,0.5676861837852549,0.8527371186221063,False,ATGTTTAGACGGGCTCAC,ATGTTTAGACGGGCTCAC,i-tRF,i-tRF,Phe,Phe,GAA,GAA,MT,MT,True,"SMAD2,BMPR1A,BMPR2,SLC5A7,RORA,BMPR1B",True
tRF-19-VMMV5B2V,12.706530993181817,20.8258967038,0.7128084009784632,0.6075142607650348,0.8543925659364832,False,TAGTCCGTGCGAGAATACC,TAGTCCGTGCGAGAATACC,3'-tRF,3'-tRF,Glu,Glu,TTC,TTC,MT,MT,False,,False
tRF-18-9N15WV0E,37.17098962181819,35.308544543,-0.0741597454529818,0.6075142607650348,0.8543925659364832,False,TGGTTAGTACTCTGCGTT,TGGTTAGTACTCTGCGTT,i-tRF,i-tRF,His,His,GTG,GTG,Nuclear,Nuclear,False,"NR1D2,NTRK2,ARNTL2,SMAD2",True
tRF-20-RPM830MM,60.31026331454546,53.319770379,-0.1777329665266389,0.6075142607650348,0.8543925659364832,False,GGTAGCGTGGCCGAGCGGTC,GGTAGCGTGGCCGAGCGGTC,5'-tRF,5'-tRF,Leu,Leu,AAG,AAG,Nuclear,Nuclear,False,,False
tRF-19-1SS2PMER,60.69392175363637,46.190498781,-0.3939559187551218,0.6075142607650348,0.8543925659364832,False,AGTCGGTAGAGCATCAGAC,AGTCGGTAGAGCATCAGAC,i-tRF,i-tRF,Lys,Lys,TTT,TTT,Nuclear,Nuclear,False,,False
tRF-18-45DBNIR,14.225964653181816,18.546508539,0.3826211347449879,0.6075142607650348,0.8543925659364832,False,CTCACAAGAACTGCTAAC,CTCACAAGAACTGCTAAC,i-tRF,i-tRF,Ser,Ser,GCT,GCT,MT,MT,False,"GBX2,SMAD2,LHX8,LIFR",True
tRF-23-76DRR4KR0J,41.01282784818182,38.6743111577,-0.0846996258655732,0.6075142607650348,0.8543925659364832,False,GTTCAAATCCGGGTGCCCCCTCC,GTTCAAATCCGGGTGCCCCCTCC,3'-tRF,3'-tRF,Cys,Cys,GCA,GCA,Nuclear,Nuclear,False,"SMAD2,CNTFR,RORB,BMPR2,BMP5,KLF7,NR1D2,CLOCK",True
tRF-19-BZOS4YE2,109.86958194818182,173.749850313,0.6612197121377212,0.6075142607650348,0.8543925659364832,False,AACTTGACCGCTCTGACCA,AACTTGACCGCTCTGACCA,3'-tRF,3'-tRF,Val,Val,TAC,TAC,MT,MT,False,"LHX6,BDNF,SMAD2",False
tRF-20-B4ZPEK45,308.80773865454546,305.949528044,-0.0134152330006838,0.6075142607650348,0.8543925659364832,False,AAATGTTTAGACGGGCTCAC,AAATGTTTAGACGGGCTCAC,i-tRF,i-tRF,Phe,Phe,GAA,GAA,MT,MT,True,"SMAD2,LHX8,ARNTL2,BMPR2,SLC5A7,RORA,LIFR,NR1D2,LIF,CLOCK,BMPR1A,BMPR1B",True
tRF-23-EXEY0VWUD2,79.17073695636363,109.623365606,0.4695161476304159,0.6075142607650348,0.8543925659364832,False,ACTTAACTTGACCGCTCTGACCA,ACTTAACTTGACCGCTCTGACCA,3'-tRF,3'-tRF,Val,Val,TAC,TAC,MT,MT,False,"BDNF,NR1D2,BMPR2,LIFR",True
tRF-23-9NS334L2DB,46.73001062818182,45.2095123034,-0.0477230106260373,0.6075142607650348,0.8543925659364832,False,TGGTTGTAGTCCGTGCGAGAATA,TGGTTGTAGTCCGTGCGAGAATA,i-tRF,i-tRF,Glu,Glu,TTC,TTC,MT,MT,True,"CHAT,RORA",True
tRF-19-R29P4PJZ,406.4020278145454,384.88454783,-0.0784818490629959,0.6075142607650348,0.8543925659364832,False,GGGGATGTAGCTCAGTGGT,GGGGATGTAGCTCAGTGGT,5'-tRF,5'-tRF,Ala,Ala,CGC,CGC,Nuclear,Nuclear,False,,False
tRF-19-UP0O51K2,7.840374418363637,13.2481588624,0.7567974205796459,0.6075142607650348,0.8543925659364832,False,TACAGACCAAGAGCCTTCA,TACAGACCAAGAGCCTTCA,i-tRF,i-tRF,Trp,Trp,TCA,TCA,MT,MT,False,"NR1D2,KLF7,BMP6,IL6R",True
tRF-21-JYSWRYVMD,31.940657853636367,27.0341271249,-0.2406122513923092,0.6075142607650348,0.8543925659364832,False,CATTGGTCGTGGTTGTAGTCC,CATTGGTCGTGGTTGTAGTCC,i-tRF,i-tRF,Glu,Glu,TTC,TTC,MT,MT,False,"NTRK2,BMP7",False
tRF-19-I8W47WFD,35.72175712672728,28.148642583500003,-0.343737694634239,0.6075142607650348,0.8543925659364832,False,ATTGGTCGTGGTTGTAGTC,ATTGGTCGTGGTTGTAGTC,i-tRF,i-tRF,Glu,Glu,TTC,TTC,MT,MT,False,ARNTL,False
tRF-21-NONU3INDD,122.02907490727272,195.721402489,0.6815765975628514,0.6075142607650348,0.8543925659364832,False,CTTAACTTGACCGCTCTGACC,CTTAACTTGACCGCTCTGACC,3'-tRF,3'-tRF,Val,Val,TAC,TAC,MT,MT,False,"LHX6,SMAD2,NR1D2,CNTF",True
tRF-19-O6M83OJX,11.370629170818182,12.2953728859,0.1128034036367431,0.6075142607650348,0.8543925659364832,False,GACCACGTGGCCTAATGGA,GACCACGTGGCCTAATGGA,5'-tRF,5'-tRF,Arg,Arg,TCG,TCG,Nuclear,Nuclear,False,,False
tRF-21-9NS334L2B,9.818680552636364,12.771681008399998,0.3793473536331619,0.6386072647682556,0.8637102086712423,False,TGGTTGTAGTCCGTGCGAGAA,TGGTTGTAGTCCGTGCGAGAA,i-tRF,i-tRF,Glu,Glu,TTC,TTC,MT,MT,True,"CHAT,RORA",True
tRF-21-V29K9UV30,89.23923811727273,74.1294476388,-0.2676314351159057,0.6386072647682556,0.8637102086712423,False,TAGGATGGGGTGTGATAGGTG,TAGGATGGGGTGTGATAGGTG,5'-tRF,5'-tRF,Gln,Gln,TTG,TTG,MT,MT,False,"RORA,BMPR1A,BDNF,SMAD2",True
tRF-19-9M739PJK,34.63224141,34.2973054949,-0.0140205241001236,0.6386072647682556,0.8637102086712423,False,TGGTCGTGGTTGTAGTCCG,TGGTCGTGGTTGTAGTCCG,i-tRF,i-tRF,Glu,Glu,TTC,TTC,MT,MT,False,,False
tRF-18-73V2Y8DM,17.90494016218182,13.2942202721,-0.4295585339810563,0.6386072647682556,0.8637102086712423,False,GTGGTTAGGATTCGGCGC,GTGGTTAGGATTCGGCGC,i-tRF,i-tRF,Glu,Glu,CTC,CTC,Nuclear,Nuclear,False,"NR1D2,SMAD2",False
tRF-22-INVDRI2Q2,44.51178599545454,43.59489652399999,-0.0300281343079626,0.6386072647682556,0.8637102086712423,False,ATGTTTAGACGGGCTCACATCA,ATGTTTAGACGGGCTCACATCA,i-tRF,i-tRF,Phe,Phe,GAA,GAA,MT,MT,True,"SMAD2,BMPR1A,BMPR2,SLC5A7,RORA,BMPR1B",True
tRF-22-BE7XO8Q62,63.97332352363637,45.750535698,-0.4836817995179556,0.6386072647682556,0.8637102086712423,False,AAAATGTTTAGACGGGCTCACA,AAAATGTTTAGACGGGCTCACA,i-tRF,i-tRF,Phe,Phe,GAA,GAA,MT,MT,True,"SMAD2,RORA,BMPR2,LIFR,BMP5,CLOCK,NR1D2,LHX8,SLC5A7,KLF7,ARNTL2,KLF4,BMPR1B,NTRK2,LIF,IL6ST,BMP3",True
tRF-20-NONU3IND,20.620443663727272,35.047273065,0.7652268226779384,0.6386072647682556,0.8637102086712423,False,CTTAACTTGACCGCTCTGAC,CTTAACTTGACCGCTCTGAC,3'-tRF,3'-tRF,Val,Val,TAC,TAC,MT,MT,False,"LHX6,SMAD2,NR1D2,CNTF",True
tRF-21-739P8WQ0B,20.758186958181817,26.0894182315,0.3297843311257979,0.6386072647682556,0.8637102086712423,False,GTGGTTGTAGTCCGTGCGAGA,GTGGTTGTAGTCCGTGCGAGA,i-tRF,i-tRF,Glu,Glu,TTC,TTC,MT,MT,False,"SMAD2,RORA",False
tRF-23-RPFQRDWXDD,19.20314068381818,13.517861113200002,-0.5064753870048326,0.6386072647682556,0.8637102086712423,False,GGTAGAGCATGGGACTCTTAATC,GGTAGAGCATGGGACTCTTAATC,i-tRF,i-tRF,Lys,Lys,CTT,CTT,Nuclear,Nuclear,False,SMAD2,False
tRF-23-Q99P9P9NDD,403.7729179636363,494.00835692,0.290991298615463,0.6386072647682556,0.8637102086712423,False,GCTTCTGTAGTGTAGTGGTTATC,GCTTCTGTAGTGTAGTGGTTATC,5'-tRF,5'-tRF,Val,Val,CAC,CAC,Nuclear,Nuclear,False,"SMAD2,BMPR2,ARNTL,PCYT1A,KLF7",True
tRF-21-U0EZY9X1B,75.71545439063637,60.832535637,-0.31574466059421,0.6915847310584153,0.8877433093222568,False,TAAAGACTTTTTCTCTGACCA,TAAAGACTTTTTCTCTGACCA,3'-tRF,3'-tRF,Pro,Pro,TGG,TGG,MT,MT,False,"SMAD2,NTRK2,RORA,BMP3",True
tRF-22-WB8US5652,232.53326963636368,205.67618011,-0.1770624229058732,0.6915847310584153,0.8877433093222568,False,TCGAATCCGAGTCACGGCACCA,TCGAATCCGAGTCACGGCACCA,3'-tRF,3'-tRF,His,His,GTG,GTG,Nuclear,Nuclear,False,NR1D2,False
tRF-19-V47PU9J8,21.259349180909087,17.381538004699998,-0.2905416872576287,0.6915847310584153,0.8877433093222568,False,TAGTGGTTAGTACTCTGCG,TAGTGGTTAGTACTCTGCG,i-tRF,i-tRF,His,His,GTG,GTG,Nuclear,Nuclear,False,"BMP2,SMAD2",False
tRF-23-YJE76INB0J,31.22573128181818,37.607469295,0.2682838679202488,0.6915847310584153,0.8877433093222568,False,TTAGCACTCTGGACTCTGAATCC,TTAGCACTCTGGACTCTGAATCC,i-tRF,i-tRF,Gln,Gln,CTG,CTG,Nuclear,Nuclear,False,"BMP3,NR1D2",False
tRF-22-BZBZOS4Y1,20.97684145554545,28.564755967100005,0.4454387413687319,0.6915847310584153,0.8877433093222568,False,AACTTAACTTGACCGCTCTGAC,AACTTAACTTGACCGCTCTGAC,3'-tRF,3'-tRF,Val,Val,TAC,TAC,MT,MT,False,"NR1D2,LIFR,SMAD2,RORB",True
tRF-19-S8V0J8HW,18.16181166672727,20.758949144799995,0.1928252930326586,0.6915847310584153,0.8877433093222568,False,GTCGGTAGAGCATGGGACT,GTCGGTAGAGCATGGGACT,i-tRF,i-tRF,Lys,Lys,CTT,CTT,Nuclear,Nuclear,False,,False
tRF-18-S5R83004,13.265768404363635,14.330804440699998,0.1114113512093419,0.6915847310584153,0.8877433093222568,False,GTCACGGTGGCCGAGTGG,GTCACGGTGGCCGAGTGG,5'-tRF,5'-tRF,Ser,Ser,CGA,CGA,Nuclear,Nuclear,False,,False
tRF-22-YDU37Y93Q,30.82461480636364,19.1021213944,-0.6903500001070508,0.6915847310584153,0.8877433093222568,False,TTAACTAAGTGTTTGTGGGTTT,TTAACTAAGTGTTTGTGGGTTT,i-tRF,i-tRF,Asn,Asn,GTT,GTT,MT,MT,False,"SMAD2,NR1D2,RORA",False
tRF-20-I8W47W1R,91.12207197909092,61.6168728518,-0.5644750868278692,0.6915847310584153,0.8877433093222568,False,ATTGGTCGTGGTTGTAGTCC,ATTGGTCGTGGTTGTAGTCC,i-tRF,i-tRF,Glu,Glu,TTC,TTC,MT,MT,False,ARNTL,False
tRF-18-Z3M8ZL0D,37.880480925,25.1083729032,-0.5932861064316928,0.6915847310584153,0.8877433093222568,False,TTGGTCGTGGTTGTAGTC,TTGGTCGTGGTTGTAGTC,i-tRF,i-tRF,Glu,Glu,TTC,TTC,MT,MT,False,ARNTL,False
tRF-19-RKIP4OF4,11.239718149,10.302892838099998,-0.1255563854400856,0.6915847310584153,0.8877433093222568,False,GGGGGATTAGCTCAAATGG,GGGGGATTAGCTCAAATGG,5'-tRF,5'-tRF,Ala,Ala,AGC,AGC,Nuclear,Nuclear,False,,False
tRF-23-Q9B1XSRI0J,38.444073046,56.374497344,0.5522814709561406,0.6915847310584153,0.8877433093222568,False,GCTTCAAACCTGCCGGGGCTTCC,GCTTCAAACCTGCCGGGGCTTCC,3'-tRF,3'-tRF,Cys,Cys,GCA,GCA,MT,MT,False,"RORB,SMAD2,GBX2",False
tRF-23-2IUIX1Q7DR,22.450118135363635,23.1728851322,0.0457146410117399,0.6915847310584153,0.8877433093222568,False,CAACTTAACTTGACCGCTCTGAC,CAACTTAACTTGACCGCTCTGAC,3'-tRF,3'-tRF,Val,Val,TAC,TAC,MT,MT,False,"SMAD2,BMPR2,LIFR,KLF4",True
tRF-22-YBOZZ7ND2,83.98183665527273,65.582080891,-0.3567756612406363,0.6915847310584153,0.8877433093222568,False,TTAAAGACTTTTTCTCTGACCA,TTAAAGACTTTTTCTCTGACCA,3'-tRF,3'-tRF,Pro,Pro,TGG,TGG,MT,MT,False,"NTRK2,SMAD2,RORA,BMP5,BMPR1A,NR1D2,BMP2K,CLOCK",True
tRF-19-PS5P4PJ4,324.6590037609091,291.884728983,-0.1535264872015798,0.73705474092471,0.891028505295968,False,GCCCGGATAGCTCAGTCGG,GCCCGGATAGCTCAGTCGG,5'-tRF,5'-tRF,Lys,Lys,TTT,TTT,Nuclear,Nuclear,False,,False
tRF-23-Y2PPEVNK0Q,191.1583527190909,197.998231083,0.0507193007953414,0.73705474092471,0.891028505295968,False,TTAGAGCCAGACTGCCTGGGTTT,TTAGAGCCAGACTGCCTGGGTTT,i-tRF,i-tRF,Sup,Sup,TTA,TTA,Nuclear,Nuclear,False,BMPR2,False
tRF-20-OB9ZFH69,48.94382590909092,53.92900155200001,0.1399344434479674,0.73705474092471,0.891028505295968,False,GAAAATGTTTAGACGGGCTC,GAAAATGTTTAGACGGGCTC,i-tRF,i-tRF,Phe,Phe,GAA,GAA,MT,MT,False,"SMAD2,RORA,CLOCK,BMPR2,BMP5,NR1D2,KLF7,LHX8,LIFR,ARNTL2,BMP2,KLF4,BMP3,LIF,BMPR1A,PCYT1A,RORB",True
tRF-21-DRFU8U76B,15.31687991681818,15.146929874799998,-0.0160970428940032,0.73705474092471,0.891028505295968,False,AATCCAGCGATCCGAGTTCAA,AATCCAGCGATCCGAGTTCAA,i-tRF,i-tRF,Gln,Gln,TTG,TTG,Nuclear,Nuclear,False,SMAD2,False
tRF-23-BZBZOS4YV,100.40626041636364,132.445498926,0.3995495901244847,0.73705474092471,0.891028505295968,False,AACTTAACTTGACCGCTCTGACC,AACTTAACTTGACCGCTCTGACC,3'-tRF,3'-tRF,Val,Val,TAC,TAC,MT,MT,False,"NR1D2,LIFR,SMAD2,RORB",True
tRF-21-DWY2MJ8FE,50.93701283090909,39.870268877,-0.3534010215387093,0.73705474092471,0.891028505295968,False,AATGTTTAGACGGGCTCACAT,AATGTTTAGACGGGCTCACAT,i-tRF,i-tRF,Phe,Phe,GAA,GAA,MT,MT,True,"SMAD2,SLC5A7,LHX8,RORA,BMPR2,LIF,LIFR,RORB,BMPR1B,ARNTL2",True
tRF-19-Q99P9PJZ,22.550764095818185,15.451373171300002,-0.5454412608139352,0.73705474092471,0.891028505295968,False,GCTTCTGTAGTGTAGTGGT,GCTTCTGTAGTGTAGTGGT,5'-tRF,5'-tRF,Val,Val,CAC,CAC,Nuclear,Nuclear,False,"SMAD2,BMPR2,PCYT1A,KLF7,ARNTL",True
tRF-19-J9ZH0S2E,39.26944184445454,35.6220503414,-0.1406365346572036,0.73705474092471,0.891028505295968,False,CATTCTTGCGACCCGGGTT,CATTCTTGCGACCCGGGTT,i-tRF,i-tRF,Gly,Gly,CCC,CCC,Nuclear,Nuclear,False,"SMAD2,RORB,CLOCK",False
tRF-22-N6B7P86ZJ,11.988828637818182,15.0247245309,0.3256478323717156,0.73705474092471,0.891028505295968,False,CTTCAAACCTGCCGGGGCTTCC,CTTCAAACCTGCCGGGGCTTCC,3'-tRF,3'-tRF,Cys,Cys,GCA,GCA,MT,MT,False,"SMAD2,RORB,BMP2,GBX2,NR1D2,CLOCK,BMPR2,BMP2K",True
tRF-19-S998LOJ4,19.45970459390909,19.3658069734,-0.0069781898602681,0.73705474092471,0.891028505295968,False,GTCTCTGTGGCGCAATCGG,GTCTCTGTGGCGCAATCGG,5'-tRF,5'-tRF,Asn,Asn,GTT,GTT,Nuclear,Nuclear,False,"BMPR2,SMAD2",False
tRF-22-YJE76INB5,9.870366289727274,9.4629308204,-0.0608165457447649,0.73705474092471,0.891028505295968,False,TTAGCACTCTGGACTCTGAATC,TTAGCACTCTGGACTCTGAATC,i-tRF,i-tRF,Gln,Gln,CTG,CTG,Nuclear,Nuclear,False,"BMP3,NR1D2,CLOCK",False
tRF-22-86J8WPMNH,11.217418311181818,11.3448710982,0.0162995391404718,0.73705474092471,0.891028505295968,False,TCCCACATGGTCTAGCGGTTAG,TCCCACATGGTCTAGCGGTTAG,5'-tRF,5'-tRF,Glu,Glu,TTC,TTC,Nuclear,Nuclear,False,LIFR,False
tRF-20-RX6N38Z9,8.309535834272728,8.917994734199999,0.101951456625478,0.73705474092471,0.891028505295968,False,GGTTAGGATTCCTGGTTTTC,GGTTAGGATTCCTGGTTTTC,i-tRF,i-tRF,Glu,Glu,TTC,TTC,Nuclear,Nuclear,False,,False
tRF-18-DWY2MJ02,29.876499337818185,31.701957629,0.0855608151710729,0.73705474092471,0.891028505295968,False,AATGTTTAGACGGGCTCA,AATGTTTAGACGGGCTCA,i-tRF,i-tRF,Phe,Phe,GAA,GAA,MT,MT,True,"SMAD2,SLC5A7,LHX8,RORA,BMPR2,LIF,RORB,LIFR,BMPR1B,ARNTL2",True
tRF-22-73V2Y8L95,12.266328797272728,11.7297910291,-0.0645262164451305,0.73705474092471,0.891028505295968,False,GTGGTTAGGATTCGGCGCTCTC,GTGGTTAGGATTCGGCGCTCTC,i-tRF,i-tRF,Glu,Glu,CTC,CTC,Nuclear,Nuclear,False,"NR1D2,SMAD2",False
tRF-21-WB8US565D,237.5027722636364,243.80600172000004,0.0377892874335099,0.73705474092471,0.891028505295968,False,TCGAATCCGAGTCACGGCACC,TCGAATCCGAGTCACGGCACC,3'-tRF,3'-tRF,His,His,GTG,GTG,Nuclear,Nuclear,False,NR1D2,False
tRF-18-YKISQID5,30.47927653,26.0544699834,-0.2262977519227469,0.73705474092471,0.891028505295968,False,TTAGGATTCGGCGCTCTC,TTAGGATTCGGCGCTCTC,i-tRF,i-tRF,Glu,Glu,CTC,CTC,Nuclear,Nuclear,False,"RORA,BMPR2",False
tRF-21-2YU04DYJB,37.18283299636365,45.764418319,0.2995896488303913,0.7767835879290986,0.8960934854214765,False,CACTGTAAAGCTAACTTAGCA,CACTGTAAAGCTAACTTAGCA,5'-tRF,5'-tRF,Lys,Lys,TTT,TTT,MT,MT,False,"SMAD2,ARNTL,ARNTL2",False
tRF-22-9NS334L2I,20.656348752909093,19.9005359542,-0.0537779783609844,0.7767835879290986,0.8960934854214765,False,TGGTTGTAGTCCGTGCGAGAAT,TGGTTGTAGTCCGTGCGAGAAT,i-tRF,i-tRF,Glu,Glu,TTC,TTC,MT,MT,True,"CHAT,RORA",True
tRF-20-U0EZY9X1,48.90148968545454,45.918046862,-0.0908171367983916,0.7767835879290986,0.8960934854214765,False,TAAAGACTTTTTCTCTGACC,TAAAGACTTTTTCTCTGACC,3'-tRF,3'-tRF,Pro,Pro,TGG,TGG,MT,MT,False,"SMAD2,NTRK2,RORA,BMP3",True
tRF-19-PR183OJX,20.40470833936364,18.6351451132,-0.1308760356826388,0.7767835879290986,0.8960934854214765,False,GCCCCAGTGGCCTAATGGA,GCCCCAGTGGCCTAATGGA,5'-tRF,5'-tRF,Arg,Arg,CCT,CCT,Nuclear,Nuclear,False,,False
tRF-18-O7M8LO04,103.10599262545452,90.324198534,-0.1909437325657172,0.7767835879290986,0.8960934854214765,False,GACCTCGTGGCGCAATGG,GACCTCGTGGCGCAATGG,5'-tRF,5'-tRF,Trp,Trp,CCA,CCA,Nuclear,Nuclear,False,,False
tRF-21-BE7XO8Q6D,162.3370694790909,158.314642012,-0.0361977833531241,0.7767835879290986,0.8960934854214765,False,AAAATGTTTAGACGGGCTCAC,AAAATGTTTAGACGGGCTCAC,i-tRF,i-tRF,Phe,Phe,GAA,GAA,MT,MT,True,"SMAD2,RORA,BMPR2,LIFR,BMP5,CLOCK,LHX8,NR1D2,SLC5A7,KLF7,ARNTL2,KLF4,BMPR1B,NTRK2,LIF,IL6ST,BMP3",True
tRF-18-H5KQBFD2,64.93224541000001,84.11185465499999,0.37337404725365,0.7767835879290986,0.8960934854214765,False,ATCACCCCATAAACACCA,ATCACCCCATAAACACCA,3'-tRF,3'-tRF,Phe,Phe,GAA,GAA,MT,MT,False,,False
tRF-18-R29P4P04,292.6172031818182,231.42050897,-0.3384978643122975,0.7767835879290986,0.8960934854214765,False,GGGGATGTAGCTCAGTGG,GGGGATGTAGCTCAGTGG,5'-tRF,5'-tRF,Ala,Ala,CGC,CGC,Nuclear,Nuclear,False,,False
tRF-20-W47W1R7H,28.03249199636364,34.839592167,0.3136277349004448,0.7767835879290986,0.8960934854214765,False,TCGTGGTTGTAGTCCGTGCG,TCGTGGTTGTAGTCCGTGCG,i-tRF,i-tRF,Glu,Glu,TTC,TTC,MT,MT,False,,False
tRF-19-M8ZLSSJ8,17.812555268636366,19.3219347624,0.1173450721697575,0.7767835879290986,0.8960934854214765,False,CGTGGTTGTAGTCCGTGCG,CGTGGTTGTAGTCCGTGCG,i-tRF,i-tRF,Glu,Glu,TTC,TTC,MT,MT,True,CHAT,True
tRF-20-W3FJIKE7,18.48691730881818,15.9157520352,-0.2160493482093022,0.7767835879290986,0.8960934854214765,False,TCGGTAGAGCATGGGACTCT,TCGGTAGAGCATGGGACTCT,i-tRF,i-tRF,Lys,Lys,CTT,CTT,Nuclear,Nuclear,False,,False
tRF-21-OB9ZFH69B,36.850126508181816,42.5566903906,0.2077163854685055,0.7767835879290986,0.8960934854214765,False,GAAAATGTTTAGACGGGCTCA,GAAAATGTTTAGACGGGCTCA,i-tRF,i-tRF,Phe,Phe,GAA,GAA,MT,MT,False,"SMAD2,RORA,CLOCK,BMPR2,BMP5,NR1D2,LHX8,KLF7,LIFR,ARNTL2,BMP2,BMP3,KLF4,LIF,BMPR1A,PCYT1A,RORB",True
tRF-22-OB9ZFH691,143.5427669527273,153.26573491300002,0.0945545590311711,0.7767835879290986,0.8960934854214765,False,GAAAATGTTTAGACGGGCTCAC,GAAAATGTTTAGACGGGCTCAC,i-tRF,i-tRF,Phe,Phe,GAA,GAA,MT,MT,False,"SMAD2,RORA,CLOCK,BMPR2,BMP5,NR1D2,LHX8,KLF7,LIFR,ARNTL2,BMP2,BMP3,KLF4,LIF,BMPR1A,PCYT1A,RORB",True
tRF-18-UIX1Q7DR,43.0769345,54.06562807299999,0.3277961135156593,0.7767835879290986,0.8960934854214765,False,TAACTTGACCGCTCTGAC,TAACTTGACCGCTCTGAC,3'-tRF,3'-tRF,Val,Val,TAC,TAC,MT,MT,False,"LHX6,SMAD2,CLOCK",False
tRF-19-B4ZPEKH2,15.02065542990909,14.947400044500004,-0.0070532031576373,0.8139863232742489,0.9092948484677528,False,AAATGTTTAGACGGGCTCA,AAATGTTTAGACGGGCTCA,i-tRF,i-tRF,Phe,Phe,GAA,GAA,MT,MT,True,"SMAD2,LHX8,ARNTL2,BMPR2,SLC5A7,RORA,LIFR,NR1D2,LIF,CLOCK,BMPR1A,BMPR1B",True
tRF-18-739P8WD8,56.21752381181818,57.507979914,0.0327422516154589,0.8139863232742489,0.9092948484677528,False,GTGGTTGTAGTCCGTGCG,GTGGTTGTAGTCCGTGCG,i-tRF,i-tRF,Glu,Glu,TTC,TTC,MT,MT,False,"SMAD2,RORA",False
tRF-23-S3M8309NS,59.62147334909091,63.457183525000005,0.0899514630521709,0.8139863232742489,0.9092948484677528,False,GTAGTCGTGGCCGAGTGGTTAAG,GTAGTCGTGGCCGAGTGGTTAAG,5'-tRF,5'-tRF,Ser,Ser,AGA,AGA,Nuclear,Nuclear,False,,False
tRF-20-WEW6VM4J,13.138425096909094,12.3877756059,-0.0848751950027404,0.8139863232742489,0.9092948484677528,False,TCGATTCTCATAGTCCTAGC,TCGATTCTCATAGTCCTAGC,3'-tRF,3'-tRF,Gln,Gln,TTG,TTG,MT,MT,False,NR1D1,False
tRF-19-DRFU8U25,32.79469454272727,30.711126195,-0.0947010197696069,0.8139863232742489,0.9092948484677528,False,AATCCAGCGATCCGAGTTC,AATCCAGCGATCCGAGTTC,i-tRF,i-tRF,Gln,Gln,CTG,CTG,Nuclear,Nuclear,False,SMAD2,False
tRF-18-S8V0J8DR,12.819555216090908,14.2587872658,0.1535050758652607,0.8139863232742489,0.9092948484677528,False,GTCGGTAGAGCATGGGAC,GTCGGTAGAGCATGGGAC,i-tRF,i-tRF,Lys,Lys,CTT,CTT,Nuclear,Nuclear,False,,False
tRF-19-JMRPFQIX,30.61415438,26.8644850225,-0.1884986510819351,0.8139863232742489,0.9092948484677528,False,CAGTCGGTAGAGCATGGGA,CAGTCGGTAGAGCATGGGA,i-tRF,i-tRF,Lys,Lys,CTT,CTT,Nuclear,Nuclear,False,,False
tRF-23-WPMN1E8Y0E,17.08228280072727,19.1709055135,0.1664176992662351,0.8139863232742489,0.9092948484677528,False,TCTAGCGGTTAGGATTCCTGGTT,TCTAGCGGTTAGGATTCCTGGTT,i-tRF,i-tRF,Glu,Glu,TTC,TTC,Nuclear,Nuclear,False,,False
tRF-21-XSXMSL73E,51.53302120636363,52.329192017,0.0221188080635466,0.8139863232742489,0.9092948484677528,False,TGCCGTGATCGTATAGTGGTT,TGCCGTGATCGTATAGTGGTT,5'-tRF,5'-tRF,His,His,GTG,GTG,Nuclear,Nuclear,False,,False
tRF-21-B4ZPEK45B,52.17029918363637,41.72030792100001,-0.3224789010298385,0.8139863232742489,0.9092948484677528,False,AAATGTTTAGACGGGCTCACA,AAATGTTTAGACGGGCTCACA,i-tRF,i-tRF,Phe,Phe,GAA,GAA,MT,MT,True,"SMAD2,LHX8,ARNTL2,BMPR2,SLC5A7,RORA,LIFR,NR1D2,LIF,CLOCK,BMPR1A,BMPR1B",True
tRF-21-9N1EWJQ7D,28.74001705909092,29.300410601000003,0.0278599638512462,0.8511890586193993,0.9273757336192838,False,TGGTTAGGATTCGGCGCTCTC,TGGTTAGGATTCGGCGCTCTC,i-tRF,i-tRF,Glu,Glu,CTC,CTC,Nuclear,Nuclear,False,"NR1D2,NTRK2",False
tRF-18-YR66EFD2,23.05200425363636,26.958802986,0.2258642489246387,0.8511890586193993,0.9273757336192838,False,TTCCCGGCCAACGCACCA,TTCCCGGCCAACGCACCA,3'-tRF,3'-tRF,Gly,Gly,TCC,TCC,Nuclear,Nuclear,False,,False
tRF-18-W3FJIKW,17.103107163818184,15.160694665499998,-0.173922587356234,0.8511890586193993,0.9273757336192838,False,TCGGTAGAGCATGGGACT,TCGGTAGAGCATGGGACT,i-tRF,i-tRF,Lys,Lys,CTT,CTT,Nuclear,Nuclear,False,,False
tRF-18-79MP9PD4,10.90236788318182,14.0646530635,0.3674324580608066,0.8511890586193993,0.9273757336192838,False,GTTTCCGTAGTGTAGCGG,GTTTCCGTAGTGTAGCGG,5'-tRF,5'-tRF,Val,Val,CAC,CAC,Nuclear,Nuclear,False,,False
tRF-18-HSQSD2D2,22.207913027272728,32.2812451005,0.539622401990802,0.8511890586193993,0.9273757336192838,False,ATCCGGCTCGAAGGACCA,ATCCGGCTCGAAGGACCA,3'-tRF,3'-tRF,Tyr,Tyr,GTA,GTA,Nuclear,Nuclear,False,,False
tRF-19-OB9ZFHIW,23.388736945181822,22.393868438799995,-0.0627101856566749,0.8511890586193993,0.9273757336192838,False,GAAAATGTTTAGACGGGCT,GAAAATGTTTAGACGGGCT,i-tRF,i-tRF,Phe,Phe,GAA,GAA,MT,MT,False,"SMAD2,RORA,BMPR2,CLOCK,BMP5,NR1D2,KLF7,LHX8,LIFR,ARNTL2,BMP2,KLF4,BMP3,LIF,BMPR1A,PCYT1A,RORB",True
tRF-18-BS6PDFD2,13.829961088545456,12.2285439474,-0.177544464973939,0.8511890586193993,0.9273757336192838,False,AACCGGGCAGAAGCACCA,AACCGGGCAGAAGCACCA,3'-tRF,3'-tRF,Val,Val,CAC,CAC,Nuclear,Nuclear,False,,False
tRF-18-RPM830D4,45.144092740272725,46.43024711299999,0.0405277408460449,0.8511890586193993,0.9273757336192838,False,GGTAGCGTGGCCGAGCGG,GGTAGCGTGGCCGAGCGG,5'-tRF,5'-tRF,Leu,Leu,AAG,AAG,Nuclear,Nuclear,False,,False
tRF-22-EXEY0VWUJ,189.5452377536364,230.714139007,0.2835642105207947,0.8863249753342631,0.959732258567469,False,ACTTAACTTGACCGCTCTGACC,ACTTAACTTGACCGCTCTGACC,3'-tRF,3'-tRF,Val,Val,TAC,TAC,MT,MT,False,"BDNF,NR1D2,BMPR2,LIFR",True
tRF-20-79MP9P9M,18.35572752618182,19.255743047600003,0.0690584989021605,0.8863249753342631,0.959732258567469,False,GTTTCCGTAGTGTAGTGGTC,GTTTCCGTAGTGTAGTGGTC,5'-tRF,5'-tRF,Val,Val,AAC,AAC,Nuclear,Nuclear,False,,False
tRF-18-BZOS4YV,243.63692216272727,360.36029209,0.5647072658571686,0.9134232640424592,0.9712000367680363,False,AACTTGACCGCTCTGACC,AACTTGACCGCTCTGACC,3'-tRF,3'-tRF,Val,Val,TAC,TAC,MT,MT,False,"BDNF,LHX6,SMAD2",False
tRF-18-OB1690DV,70.34377748545454,77.995848963,0.1489745337049957,0.9134232640424592,0.9712000367680363,False,GAAAAAGTCATGGAGGCC,GAAAAAGTCATGGAGGCC,5'-tRF,5'-tRF,Ser,Ser,TGA,TGA,MT,MT,True,"SMAD2,RORA,RORB,BMP3,CLOCK,STAT5B,BMPR2,NR1D2,IL6ST,BMP2,STAT3,KLF7,NTRK2,BMPR1A,NKX2-1,ARNTL2,PRIMA1,STAT1,NPAS2",True
tRF-20-9NS334L2,21.64647015063636,24.4852757801,0.1777826588041966,0.9134232640424592,0.9712000367680363,False,TGGTTGTAGTCCGTGCGAGA,TGGTTGTAGTCCGTGCGAGA,i-tRF,i-tRF,Glu,Glu,TTC,TTC,MT,MT,True,"CHAT,RORA",True
tRF-22-9N1EWJQ72,35.213683487272725,37.49457082400001,0.0905455633791305,0.9134232640424592,0.9712000367680363,False,TGGTTAGGATTCGGCGCTCTCA,TGGTTAGGATTCGGCGCTCTCA,i-tRF,i-tRF,Glu,Glu,CTC,CTC,Nuclear,Nuclear,False,"NR1D2,NTRK2",False
tRF-18-EY0VWUD2,145.21903372636365,242.357561426,0.7389065360677574,0.9134232640424592,0.9712000367680363,False,ACTTGACCGCTCTGACCA,ACTTGACCGCTCTGACCA,3'-tRF,3'-tRF,Val,Val,TAC,TAC,MT,MT,False,"NTRK1,KLF4",False
tRF-23-DRFU8U767,38.84693955090909,32.97191745000001,-0.2365631563723989,0.9134232640424592,0.9712000367680363,False,AATCCAGCGATCCGAGTTCAAAT,AATCCAGCGATCCGAGTTCAAAT,i-tRF,i-tRF,Gln,Gln,TTG,TTG,Nuclear,Nuclear,False,SMAD2,False
tRF-19-1SS2P4IR,29.21748470818181,31.482343332,0.1077109453535181,0.9497867973100173,0.9746358704954536,False,AGTCGGTAGAGCATGGGAC,AGTCGGTAGAGCATGGGAC,i-tRF,i-tRF,Lys,Lys,CTT,CTT,Nuclear,Nuclear,False,,False
tRF-20-R29P4P9L,40.49362390363637,42.06673973000001,0.0549852500484986,0.934065934065934,0.9746358704954536,False,GGGGATGTAGCTCAGTGGTA,GGGGATGTAGCTCAGTGGTA,5'-tRF,5'-tRF,Ala,Ala,CGC,CGC,Nuclear,Nuclear,False,,False
tRF-21-YDZDL9X1B,122.24619036909093,188.680537326,0.626156108192502,0.934065934065934,0.9746358704954536,False,TTAACTTGACCGCTCTGACCA,TTAACTTGACCGCTCTGACCA,3'-tRF,3'-tRF,Val,Val,TAC,TAC,MT,MT,False,"LHX6,SMAD2,CLOCK,NR1D2",True
tRF-20-YDZDL9X1,266.2451033636364,447.82379616,0.7501761988738647,0.934065934065934,0.9746358704954536,False,TTAACTTGACCGCTCTGACC,TTAACTTGACCGCTCTGACC,3'-tRF,3'-tRF,Val,Val,TAC,TAC,MT,MT,False,"LHX6,SMAD2,CLOCK,NR1D2",True
tRF-19-Q622EV2R,31.244347220909084,49.302800468,0.6580743974208456,0.934065934065934,0.9746358704954536,False,GCTCACAAGAACTGCTAAC,GCTCACAAGAACTGCTAAC,i-tRF,i-tRF,Ser,Ser,GCT,GCT,MT,MT,False,SMAD2,False
tRF-20-RKIP4OI3,17.064753119,21.7597664707,0.3506435307594415,0.934065934065934,0.9746358704954536,False,GGGGGATTAGCTCAAATGGT,GGGGGATTAGCTCAAATGGT,5'-tRF,5'-tRF,Ala,Ala,AGC,AGC,Nuclear,Nuclear,False,,False
tRF-21-V47PU9XWE,30.31887946272727,26.3129464833,-0.2044436264713747,0.9497867973100173,0.9746358704954536,False,TAGTGGTTAGTACTCTGCGTT,TAGTGGTTAGTACTCTGCGTT,i-tRF,i-tRF,His,His,GTG,GTG,Nuclear,Nuclear,False,"BMP2,SMAD2",False
tRF-20-PS5P4PW3,21.85102189763636,26.3401786411,0.2695643788739437,0.9497867973100173,0.9746358704954536,False,GCCCGGATAGCTCAGTCGGT,GCCCGGATAGCTCAGTCGGT,5'-tRF,5'-tRF,Lys,Lys,TTT,TTT,Nuclear,Nuclear,False,,False
tRF-21-INVDRI2QD,96.92740901545451,93.413184552,-0.0532784972841966,0.9497867973100173,0.9746358704954536,False,ATGTTTAGACGGGCTCACATC,ATGTTTAGACGGGCTCACATC,i-tRF,i-tRF,Phe,Phe,GAA,GAA,MT,MT,True,"SMAD2,BMPR1A,BMPR2,SLC5A7,RORA,BMPR1B",True
tRF-23-HXD3KY7SDD,12.068658761181815,12.5481416217,0.0562083645585711,0.9497867973100173,0.9746358704954536,False,ATCTAAAGGTCCCTGGTTCGATC,ATCTAAAGGTCCCTGGTTCGATC,i-tRF,i-tRF,Phe,Phe,GAA,GAA,Nuclear,Nuclear,False,"SMAD2,RORB,RORA,KLF7,BMP5",True
tRF-19-UIX1Q7HV,206.7768177818182,309.851751908,0.5835036744545405,0.9497867973100173,0.9746358704954536,False,TAACTTGACCGCTCTGACC,TAACTTGACCGCTCTGACC,3'-tRF,3'-tRF,Val,Val,TAC,TAC,MT,MT,False,"LHX6,SMAD2,CLOCK",False
tRF-19-69M8LOJX,132.38924195909092,145.58678724400002,0.1370935369041221,0.9497867973100173,0.9746358704954536,False,GGCTCCGTGGCGCAATGGA,GGCTCCGTGGCGCAATGGA,5'-tRF,5'-tRF,Arg,Arg,TCT,TCT,Nuclear,Nuclear,False,,False
tRF-20-J9ZH0SR9,26.85779873236364,25.5929984618,-0.0695918835463906,0.9706959706959708,0.9874803390653536,False,CATTCTTGCGACCCGGGTTC,CATTCTTGCGACCCGGGTTC,i-tRF,i-tRF,Gly,Gly,CCC,CCC,Nuclear,Nuclear,False,"SMAD2,CLOCK,RORB",False
tRF-23-BE7XO8Q6DI,28.998956356545456,23.564630069,-0.2993779467403268,0.9706959706959708,0.9874803390653536,False,AAAATGTTTAGACGGGCTCACAT,AAAATGTTTAGACGGGCTCACAT,i-tRF,i-tRF,Phe,Phe,GAA,GAA,MT,MT,True,"SMAD2,RORA,BMPR2,LIFR,BMP5,CLOCK,NR1D2,LHX8,SLC5A7,KLF7,ARNTL2,KLF4,BMPR1B,NTRK2,LIF,IL6ST,BMP3",True
tRF-21-EXEY0VWUD,44.18537362509091,48.97571433,0.1484976515171796,0.9706959706959708,0.9874803390653536,False,ACTTAACTTGACCGCTCTGAC,ACTTAACTTGACCGCTCTGAC,3'-tRF,3'-tRF,Val,Val,TAC,TAC,MT,MT,False,"BDNF,NR1D2,BMPR2,LIFR",True
tRF-22-B4ZPEK45I,33.41749610672727,29.821214857,-0.1642646084044949,0.9828984225269056,0.9913232661485648,False,AAATGTTTAGACGGGCTCACAT,AAATGTTTAGACGGGCTCACAT,i-tRF,i-tRF,Phe,Phe,GAA,GAA,MT,MT,True,"SMAD2,LHX8,ARNTL2,BMPR2,SLC5A7,RORA,LIFR,NR1D2,LIF,CLOCK,BMPR1A,BMPR1B",True
tRF-18-YSQSD2D2,134.2873015590909,173.23715749599998,0.3674255182712391,0.9828984225269056,0.9913232661485648,False,TTCCGGCTCGAAGGACCA,TTCCGGCTCGAAGGACCA,3'-tRF,3'-tRF,Tyr,Tyr,GTA,GTA,Nuclear,Nuclear,False,NTRK1,False
tRF-23-INVDRI2QD1,51.27498396181818,52.23110070239999,0.0266539715009477,0.9828984225269056,0.9913232661485648,False,ATGTTTAGACGGGCTCACATCAC,ATGTTTAGACGGGCTCACATCAC,i-tRF,i-tRF,Phe,Phe,GAA,GAA,MT,MT,True,"SMAD2,BMPR1A,BMPR2,SLC5A7,RORA,BMPR1B",True
tRF-23-86J8WPMNY,39.17729438818182,42.278420503,0.1099037119865959,0.9900202996178228,0.9941936288685514,False,TCCCACATGGTCTAGCGGTTAGG,TCCCACATGGTCTAGCGGTTAGG,5'-tRF,5'-tRF,Glu,Glu,TTC,TTC,Nuclear,Nuclear,False,LIFR,False
tRF-21-S3M8309NB,9.859649918909092,9.4141646967,-0.0667033299767236,0.9941936288685514,0.9941936288685514,False,GTAGTCGTGGCCGAGTGGTTA,GTAGTCGTGGCCGAGTGGTTA,5'-tRF,5'-tRF,Ser,Ser,AGA,AGA,Nuclear,Nuclear,False,,False
tRF-19-J6K6UDE2,17.349678060181816,23.5102519587,0.4383811079254966,0.9941936288685514,0.9941936288685514,False,CATCACCCCATAAACACCA,CATCACCCCATAAACACCA,3'-tRF,3'-tRF,Phe,Phe,GAA,GAA,MT,MT,False,BDNF,False
